experiment,condition,sample,seed,n,k,r,rx,rz,measurement,probe,source,target,witness_target,result,timed_out,timeout_seconds,build_seconds,solve_seconds,decisions,conflicts,propagations,rlimit_count,assertions,row_operation_variables
permutation_survival,A,0,801058442,16,2,14,7,7,base,,,,,sat,False,300.0,0.307704084,0.053003208,1340,504,38311,306577,736,196
permutation_survival,A,0,801058442,16,2,14,7,7,invalid_mapping,0,2,5,7,sat,False,300.0,0.252489666,0.034875208,648,280,26418,588048,737,196
permutation_survival,A,0,801058442,16,2,14,7,7,invalid_mapping,1,8,3,11,unsat,False,300.0,0.254213000,0.003605917,0,0,0,620890,737,196
permutation_survival,A,0,801058442,16,2,14,7,7,invalid_mapping,2,10,12,14,unsat,False,300.0,0.256395791,0.010701042,0,0,0,751953,737,196
permutation_survival,B1,0,801058442,16,2,14,7,7,base,,,,,sat,False,300.0,0.254484125,0.041125250,1360,410,50329,1044819,736,196
permutation_survival,B1,0,801058442,16,2,14,7,7,invalid_mapping,0,2,5,7,sat,False,300.0,0.252526833,0.036725459,1039,346,37115,1314990,737,196
permutation_survival,B1,0,801058442,16,2,14,7,7,invalid_mapping,1,8,3,11,unsat,False,300.0,0.251187083,0.004121875,0,0,0,1348196,737,196
permutation_survival,B1,0,801058442,16,2,14,7,7,invalid_mapping,2,10,12,14,unsat,False,300.0,0.252620542,0.011928959,0,0,0,1479068,737,196
permutation_survival,B2,0,801058442,16,2,14,7,7,base,,,,,sat,False,300.0,0.227678833,0.018995750,0,0,11,1688563,736,98
permutation_survival,B2,0,801058442,16,2,14,7,7,invalid_mapping,0,2,5,7,unsat,False,300.0,0.227181584,0.006821250,0,0,0,1757450,737,98
permutation_survival,B2,0,801058442,16,2,14,7,7,invalid_mapping,1,8,3,11,unsat,False,300.0,0.228481333,0.002581167,0,0,0,1778754,737,98
permutation_survival,B2,0,801058442,16,2,14,7,7,invalid_mapping,2,10,12,14,unsat,False,300.0,0.228224208,0.002914333,0,0,0,1800888,737,98
permutation_survival,C,0,801058442,16,2,14,7,7,base,,,,,sat,False,300.0,0.118337334,0.099884875,8316,4470,288326,2344617,512,98
permutation_survival,C,0,801058442,16,2,14,7,7,invalid_mapping,0,2,5,7,unsat,False,300.0,0.119474417,0.075499167,6995,4011,232067,2799274,513,98
permutation_survival,C,0,801058442,16,2,14,7,7,invalid_mapping,1,8,3,11,unsat,False,300.0,0.119549625,0.101879542,9351,5212,321298,3393661,513,98
permutation_survival,C,0,801058442,16,2,14,7,7,invalid_mapping,2,10,12,14,unsat,False,300.0,0.118947708,0.110666167,9619,5357,325539,3997263,513,98
permutation_survival,A,1,163934441,16,2,14,7,7,base,,,,,sat,False,300.0,0.254457083,0.055765417,1645,829,97663,4372428,736,196
permutation_survival,A,1,163934441,16,2,14,7,7,invalid_mapping,0,5,8,0,unsat,False,300.0,0.252453417,0.035802250,274,189,26326,4634852,737,196
permutation_survival,A,1,163934441,16,2,14,7,7,invalid_mapping,1,15,13,2,unsat,False,300.0,0.255307000,0.041411333,596,421,53806,4927558,737,196
permutation_survival,A,1,163934441,16,2,14,7,7,invalid_mapping,2,0,3,14,unsat,False,300.0,0.253256250,0.004674958,0,0,0,4963992,737,196
permutation_survival,B1,1,163934441,16,2,14,7,7,base,,,,,sat,False,300.0,0.248798375,0.059261625,2285,805,97633,5341591,736,196
permutation_survival,B1,1,163934441,16,2,14,7,7,invalid_mapping,0,5,8,0,unsat,False,300.0,0.248992791,0.031588584,239,77,5140,5574040,737,196
permutation_survival,B1,1,163934441,16,2,14,7,7,invalid_mapping,1,15,13,2,unsat,False,300.0,0.249679417,0.032323333,96,61,3515,5810626,737,196
permutation_survival,B1,1,163934441,16,2,14,7,7,invalid_mapping,2,0,3,14,unsat,False,300.0,0.248744250,0.004232875,0,0,0,5844786,737,196
permutation_survival,B2,1,163934441,16,2,14,7,7,base,,,,,sat,False,300.0,0.224300667,0.012011083,0,0,0,5989194,736,98
permutation_survival,B2,1,163934441,16,2,14,7,7,invalid_mapping,0,5,8,0,unsat,False,300.0,0.222072416,0.002873417,0,0,0,6011968,737,98
permutation_survival,B2,1,163934441,16,2,14,7,7,invalid_mapping,1,15,13,2,unsat,False,300.0,0.224284708,0.003173792,0,0,0,6035304,737,98
permutation_survival,B2,1,163934441,16,2,14,7,7,invalid_mapping,2,0,3,14,unsat,False,300.0,0.224571208,0.003034000,0,0,0,6058588,737,98
permutation_survival,C,1,163934441,16,2,14,7,7,base,,,,,sat,False,300.0,0.118930167,0.034073666,2273,806,59768,6277057,512,98
permutation_survival,C,1,163934441,16,2,14,7,7,invalid_mapping,0,5,8,0,unsat,False,300.0,0.119188167,0.032179000,1626,772,63187,6483837,513,98
permutation_survival,C,1,163934441,16,2,14,7,7,invalid_mapping,1,15,13,2,unsat,False,300.0,0.116961458,0.038456250,2436,1214,68045,6717536,513,98
permutation_survival,C,1,163934441,16,2,14,7,7,invalid_mapping,2,0,3,14,unsat,False,300.0,0.118313417,0.016544166,69,36,1958,6836525,513,98
permutation_survival,A,2,542457538,16,2,14,7,7,base,,,,,sat,False,300.0,0.251461917,0.225519041,9049,4466,613394,7910288,736,196
permutation_survival,A,2,542457538,16,2,14,7,7,invalid_mapping,0,12,7,10,unsat,False,300.0,0.249194959,0.058224750,942,544,89971,8286009,737,196
permutation_survival,A,2,542457538,16,2,14,7,7,invalid_mapping,1,7,10,15,unsat,False,300.0,0.250608291,0.090335917,2359,1122,178641,8809232,737,196
permutation_survival,A,2,542457538,16,2,14,7,7,invalid_mapping,2,13,6,4,unsat,False,300.0,0.247746417,0.069544292,2435,1152,134405,9239599,737,196
permutation_survival,B1,2,542457538,16,2,14,7,7,base,,,,,sat,False,300.0,0.245009791,0.136033792,4138,2195,353475,9964138,736,196
permutation_survival,B1,2,542457538,16,2,14,7,7,invalid_mapping,0,12,7,10,unsat,False,300.0,0.244639250,0.031606417,174,53,2823,10195748,737,196
permutation_survival,B1,2,542457538,16,2,14,7,7,invalid_mapping,1,7,10,15,unsat,False,300.0,0.244789375,0.086342667,2106,1207,176537,10678355,737,196
permutation_survival,B1,2,542457538,16,2,14,7,7,invalid_mapping,2,13,6,4,unsat,False,300.0,0.244888042,0.080075000,2552,1143,161856,11146039,737,196
permutation_survival,B2,2,542457538,16,2,14,7,7,base,,,,,sat,False,300.0,0.219605166,0.012924458,0,0,0,11293233,736,98
permutation_survival,B2,2,542457538,16,2,14,7,7,invalid_mapping,0,12,7,10,unsat,False,300.0,0.219856833,0.002722375,0,0,0,11315957,737,98
permutation_survival,B2,2,542457538,16,2,14,7,7,invalid_mapping,1,7,10,15,unsat,False,300.0,0.220604375,0.002869541,0,0,0,11339143,737,98
permutation_survival,B2,2,542457538,16,2,14,7,7,invalid_mapping,2,13,6,4,unsat,False,300.0,0.220648584,0.002720792,0,0,0,11361745,737,98
permutation_survival,C,2,542457538,16,2,14,7,7,base,,,,,sat,False,300.0,0.117365375,0.025302833,1267,389,36601,11533574,512,98
permutation_survival,C,2,542457538,16,2,14,7,7,invalid_mapping,0,12,7,10,unsat,False,300.0,0.117230458,0.022622708,771,320,17936,11683059,513,98
permutation_survival,C,2,542457538,16,2,14,7,7,invalid_mapping,1,7,10,15,unsat,False,300.0,0.115994541,0.018325709,381,137,5478,11810069,513,98
permutation_survival,C,2,542457538,16,2,14,7,7,invalid_mapping,2,13,6,4,unsat,False,300.0,0.117318333,0.006346208,0,0,0,11877974,513,98
permutation_survival,A,3,2035207981,16,2,14,7,7,base,,,,,sat,False,300.0,0.287814167,0.072456917,2312,1096,157814,12335084,736,196
permutation_survival,A,3,2035207981,16,2,14,7,7,invalid_mapping,0,5,2,13,unsat,False,300.0,0.256413500,0.045437375,597,284,43703,12648325,737,196
permutation_survival,A,3,2035207981,16,2,14,7,7,invalid_mapping,1,4,0,3,unsat,False,300.0,0.256794333,0.013298917,0,0,0,12797175,737,196
permutation_survival,A,3,2035207981,16,2,14,7,7,invalid_mapping,2,14,5,10,unsat,False,300.0,0.256541292,0.038846417,556,179,19259,13078071,737,196
permutation_survival,B1,3,2035207981,16,2,14,7,7,base,,,,,sat,False,300.0,0.244376125,0.039308167,868,338,38891,13359225,736,196
permutation_survival,B1,3,2035207981,16,2,14,7,7,invalid_mapping,0,5,2,13,unsat,False,300.0,0.247198208,0.029693458,83,21,1465,13590690,737,196
permutation_survival,B1,3,2035207981,16,2,14,7,7,invalid_mapping,1,4,0,3,unsat,False,300.0,0.247367458,0.011763584,0,0,0,13731369,737,196
permutation_survival,B1,3,2035207981,16,2,14,7,7,invalid_mapping,2,14,5,10,unsat,False,300.0,0.247522584,0.031333084,94,20,1308,13961859,737,196
permutation_survival,B2,3,2035207981,16,2,14,7,7,base,,,,,sat,False,300.0,0.222459208,0.011825959,0,0,0,14089121,736,98
permutation_survival,B2,3,2035207981,16,2,14,7,7,invalid_mapping,0,5,2,13,unsat,False,300.0,0.221636334,0.002945000,0,0,0,14112437,737,98
permutation_survival,B2,3,2035207981,16,2,14,7,7,invalid_mapping,1,4,0,3,unsat,False,300.0,0.222815250,0.004325209,0,0,0,14142035,737,98
permutation_survival,B2,3,2035207981,16,2,14,7,7,invalid_mapping,2,14,5,10,unsat,False,300.0,0.221857416,0.002794333,0,0,0,14164389,737,98
permutation_survival,C,3,2035207981,16,2,14,7,7,base,,,,,sat,False,300.0,0.123168875,0.041847583,2753,1058,81876,14417207,512,98
permutation_survival,C,3,2035207981,16,2,14,7,7,invalid_mapping,0,5,2,13,unsat,False,300.0,0.122848708,0.022714458,883,290,21034,14574816,513,98
permutation_survival,C,3,2035207981,16,2,14,7,7,invalid_mapping,1,4,0,3,unsat,False,300.0,0.121897833,0.022120333,677,291,17354,14725584,513,98
permutation_survival,C,3,2035207981,16,2,14,7,7,invalid_mapping,2,14,5,10,unsat,False,300.0,0.121584041,0.022756709,785,398,23652,14881702,513,98
permutation_survival,A,4,2144028437,16,2,14,7,7,base,,,,,sat,False,300.0,0.246269792,0.032292125,619,143,16948,15127806,736,196
permutation_survival,A,4,2144028437,16,2,14,7,7,invalid_mapping,0,0,6,1,unsat,False,300.0,0.249526500,0.006351375,0,0,0,15172576,737,196
permutation_survival,A,4,2144028437,16,2,14,7,7,invalid_mapping,1,8,4,0,unsat,False,300.0,0.249382709,0.006098625,0,0,0,15217242,737,196
permutation_survival,A,4,2144028437,16,2,14,7,7,invalid_mapping,2,15,13,8,unsat,False,300.0,0.250465834,0.006311584,0,0,0,15261890,737,196
permutation_survival,B1,4,2144028437,16,2,14,7,7,base,,,,,sat,False,300.0,0.254172375,0.030979833,266,62,7791,15495931,736,196
permutation_survival,B1,4,2144028437,16,2,14,7,7,invalid_mapping,0,0,6,1,unsat,False,300.0,0.253219875,0.006283584,0,0,0,15541367,737,196
permutation_survival,B1,4,2144028437,16,2,14,7,7,invalid_mapping,1,8,4,0,unsat,False,300.0,0.251334375,0.006673375,0,0,0,15586739,737,196
permutation_survival,B1,4,2144028437,16,2,14,7,7,invalid_mapping,2,15,13,8,unsat,False,300.0,0.273948542,0.006367125,0,0,0,15632245,737,196
permutation_survival,B2,4,2144028437,16,2,14,7,7,base,,,,,sat,False,300.0,0.228683416,0.011435959,3,1,34,15758627,736,98
permutation_survival,B2,4,2144028437,16,2,14,7,7,invalid_mapping,0,0,6,1,unsat,False,300.0,0.228509125,0.003743958,0,0,0,15786051,737,98
permutation_survival,B2,4,2144028437,16,2,14,7,7,invalid_mapping,1,8,4,0,unsat,False,300.0,0.228355542,0.002808125,0,0,0,15808781,737,98
permutation_survival,B2,4,2144028437,16,2,14,7,7,invalid_mapping,2,15,13,8,unsat,False,300.0,0.228281125,0.002747083,0,0,0,15830187,737,98
permutation_survival,C,4,2144028437,16,2,14,7,7,base,,,,,sat,False,300.0,0.121848458,0.018931833,294,98,6967,15965332,512,98
permutation_survival,C,4,2144028437,16,2,14,7,7,invalid_mapping,0,0,6,1,unsat,False,300.0,0.123893917,0.017630209,255,89,5591,16089689,513,98
permutation_survival,C,4,2144028437,16,2,14,7,7,invalid_mapping,1,8,4,0,unsat,False,300.0,0.123044542,0.003205875,0,0,0,16114130,513,98
permutation_survival,C,4,2144028437,16,2,14,7,7,invalid_mapping,2,15,13,8,unsat,False,300.0,0.126071958,0.026984209,588,257,14064,16252775,513,98
permutation_survival,A,5,850511982,16,2,14,7,7,base,,,,,sat,False,300.0,0.405100000,0.113869958,4412,2435,303526,16888411,736,196
permutation_survival,A,5,850511982,16,2,14,7,7,invalid_mapping,0,5,13,12,unsat,False,300.0,0.251286834,0.086809334,2917,1602,208272,17417999,737,196
permutation_survival,A,5,850511982,16,2,14,7,7,invalid_mapping,1,0,2,4,unsat,False,300.0,0.251861791,0.064943083,1873,849,125359,17843572,737,196
permutation_survival,A,5,850511982,16,2,14,7,7,invalid_mapping,2,14,4,0,unsat,False,300.0,0.252482958,0.035715416,299,111,6076,18099292,737,196
permutation_survival,B1,5,850511982,16,2,14,7,7,base,,,,,sat,False,300.0,0.244782708,0.099808667,4062,2032,236925,18655267,736,196
permutation_survival,B1,5,850511982,16,2,14,7,7,invalid_mapping,0,5,13,12,unsat,False,300.0,0.263989167,0.070093166,2464,1159,127227,19075540,737,196
permutation_survival,B1,5,850511982,16,2,14,7,7,invalid_mapping,1,0,2,4,unsat,False,300.0,0.245678125,0.142729958,5716,3151,409863,19856984,737,196
permutation_survival,B1,5,850511982,16,2,14,7,7,invalid_mapping,2,14,4,0,unsat,False,300.0,0.283255542,0.078629750,2667,1474,174561,20336577,737,196
permutation_survival,B2,5,850511982,16,2,14,7,7,base,,,,,sat,False,300.0,0.221496125,0.022079167,7,2,946,20495529,736,98
permutation_survival,B2,5,850511982,16,2,14,7,7,invalid_mapping,0,5,13,12,unsat,False,300.0,0.222034875,0.004660000,0,0,0,20528721,737,98
permutation_survival,B2,5,850511982,16,2,14,7,7,invalid_mapping,1,0,2,4,unsat,False,300.0,0.219447583,0.020931375,1,2,244,20680379,737,98
permutation_survival,B2,5,850511982,16,2,14,7,7,invalid_mapping,2,14,4,0,unsat,False,300.0,0.220966417,0.004699458,0,0,0,20713664,737,98
permutation_survival,C,5,850511982,16,2,14,7,7,base,,,,,sat,False,300.0,0.118313959,0.023758084,1071,393,24366,20874482,512,98
permutation_survival,C,5,850511982,16,2,14,7,7,invalid_mapping,0,5,13,12,unsat,False,300.0,0.117896666,0.026882417,847,516,35947,21050064,513,98
permutation_survival,C,5,850511982,16,2,14,7,7,invalid_mapping,1,0,2,4,unsat,False,300.0,0.118446375,0.027726708,1303,563,38322,21231106,513,98
permutation_survival,C,5,850511982,16,2,14,7,7,invalid_mapping,2,14,4,0,unsat,False,300.0,0.116891250,0.027419875,1380,438,31841,21408888,513,98
permutation_survival,A,6,1497543242,16,2,14,7,7,base,,,,,sat,False,300.0,0.238776875,0.031231458,481,142,13287,21645338,736,196
permutation_survival,A,6,1497543242,16,2,14,7,7,invalid_mapping,0,1,10,3,unsat,False,300.0,0.239807083,0.036044833,617,255,21793,21903843,737,196
permutation_survival,A,6,1497543242,16,2,14,7,7,invalid_mapping,1,5,4,0,unsat,False,300.0,0.240720292,0.011073917,0,0,0,22040765,737,196
permutation_survival,A,6,1497543242,16,2,14,7,7,invalid_mapping,2,6,7,13,unsat,False,300.0,0.239564375,0.030284792,231,44,3463,22262314,737,196
permutation_survival,B1,6,1497543242,16,2,14,7,7,base,,,,,sat,False,300.0,0.257085667,0.044805042,1167,424,48832,22567067,736,196
permutation_survival,B1,6,1497543242,16,2,14,7,7,invalid_mapping,0,1,10,3,unsat,False,300.0,0.258082292,0.031555791,211,74,5208,22805081,737,196
permutation_survival,B1,6,1497543242,16,2,14,7,7,invalid_mapping,1,5,4,0,unsat,False,300.0,0.256629584,0.011768250,0,0,0,22951118,737,196
permutation_survival,B1,6,1497543242,16,2,14,7,7,invalid_mapping,2,6,7,13,unsat,False,300.0,0.255240542,0.035188917,395,205,13868,23207781,737,196
permutation_survival,B2,6,1497543242,16,2,14,7,7,base,,,,,sat,False,300.0,0.228810458,0.013866083,1,0,18,23375634,736,98
permutation_survival,B2,6,1497543242,16,2,14,7,7,invalid_mapping,0,1,10,3,unsat,False,300.0,0.226623792,0.003370791,0,0,0,23400338,737,98
permutation_survival,B2,6,1497543242,16,2,14,7,7,invalid_mapping,1,5,4,0,unsat,False,300.0,0.227719542,0.003484833,0,0,0,23425252,737,98
permutation_survival,B2,6,1497543242,16,2,14,7,7,invalid_mapping,2,6,7,13,unsat,False,300.0,0.228056500,0.004050333,0,0,0,23454232,737,98
permutation_survival,C,6,1497543242,16,2,14,7,7,base,,,,,sat,False,300.0,0.116040417,0.033761500,2455,1056,58190,23665771,512,98
permutation_survival,C,6,1497543242,16,2,14,7,7,invalid_mapping,0,1,10,3,unsat,False,300.0,0.116928250,0.020394375,531,335,16519,23807636,513,98
permutation_survival,C,6,1497543242,16,2,14,7,7,invalid_mapping,1,5,4,0,unsat,False,300.0,0.116397375,0.026380083,1265,527,30682,23979752,513,98
permutation_survival,C,6,1497543242,16,2,14,7,7,invalid_mapping,2,6,7,13,unsat,False,300.0,0.117482666,0.026187042,894,499,37069,24152346,513,98
permutation_survival,A,7,347654343,16,2,14,7,7,base,,,,,sat,False,300.0,0.255334541,0.051285250,1870,786,100435,24501298,736,196
permutation_survival,A,7,347654343,16,2,14,7,7,invalid_mapping,0,12,3,4,unsat,False,300.0,0.252073666,0.064858416,1919,1092,159667,24917225,737,196
permutation_survival,A,7,347654343,16,2,14,7,7,invalid_mapping,1,4,11,7,unsat,False,300.0,0.252507042,0.004073958,0,0,0,24950825,737,196
permutation_survival,A,7,347654343,16,2,14,7,7,invalid_mapping,2,9,10,2,unsat,False,300.0,0.249201958,0.030308167,262,99,9793,25186296,737,196
permutation_survival,B1,7,347654343,16,2,14,7,7,base,,,,,sat,False,300.0,0.243411750,0.047285750,2311,895,74060,25501450,736,196
permutation_survival,B1,7,347654343,16,2,14,7,7,invalid_mapping,0,12,3,4,unsat,False,300.0,0.244155291,0.034770792,775,329,33513,25750087,737,196
permutation_survival,B1,7,347654343,16,2,14,7,7,invalid_mapping,1,4,11,7,unsat,False,300.0,0.244155334,0.003541958,0,0,0,25779891,737,196
permutation_survival,B1,7,347654343,16,2,14,7,7,invalid_mapping,2,9,10,2,unsat,False,300.0,0.241026000,0.030338500,536,218,17298,26001232,737,196
permutation_survival,B2,7,347654343,16,2,14,7,7,base,,,,,sat,False,300.0,0.225957042,0.014892459,4,2,868,26114663,736,98
permutation_survival,B2,7,347654343,16,2,14,7,7,invalid_mapping,0,12,3,4,unsat,False,300.0,0.224642417,0.014052125,3,2,129,26226976,737,98
permutation_survival,B2,7,347654343,16,2,14,7,7,invalid_mapping,1,4,11,7,unsat,False,300.0,0.226702375,0.002846625,0,0,0,26249272,737,98
permutation_survival,B2,7,347654343,16,2,14,7,7,invalid_mapping,2,9,10,2,unsat,False,300.0,0.225575375,0.002788708,0,0,0,26271094,737,98
permutation_survival,C,7,347654343,16,2,14,7,7,base,,,,,sat,False,300.0,0.121809667,0.068672916,5537,3075,202167,26693539,512,98
permutation_survival,C,7,347654343,16,2,14,7,7,invalid_mapping,0,12,3,4,unsat,False,300.0,0.123405834,0.002252042,0,0,0,26711709,513,98
permutation_survival,C,7,347654343,16,2,14,7,7,invalid_mapping,1,4,11,7,unsat,False,300.0,0.120665583,0.016003709,95,48,1835,26826975,513,98
permutation_survival,C,7,347654343,16,2,14,7,7,invalid_mapping,2,9,10,2,unsat,False,300.0,0.121154917,0.026026875,1236,462,25110,26997409,513,98
permutation_survival,A,8,1013955042,16,2,14,7,7,base,,,,,sat,False,300.0,0.254729834,0.050132875,1095,514,69072,27342790,736,196
permutation_survival,A,8,1013955042,16,2,14,7,7,invalid_mapping,0,1,10,13,unsat,False,300.0,0.254019208,0.006070042,0,0,0,27388700,737,196
permutation_survival,A,8,1013955042,16,2,14,7,7,invalid_mapping,1,7,6,15,unsat,False,300.0,0.312686166,0.010679542,0,0,0,27513700,737,196
permutation_survival,A,8,1013955042,16,2,14,7,7,invalid_mapping,2,3,10,8,unsat,False,300.0,0.254465792,0.042320833,783,332,39354,27818154,737,196
permutation_survival,B1,8,1013955042,16,2,14,7,7,base,,,,,sat,False,300.0,0.246284875,0.050648291,1432,669,75679,28138479,736,196
permutation_survival,B1,8,1013955042,16,2,14,7,7,invalid_mapping,0,1,10,13,unsat,False,300.0,0.248707834,0.005939166,0,0,0,28181925,737,196
permutation_survival,B1,8,1013955042,16,2,14,7,7,invalid_mapping,1,7,6,15,unsat,False,300.0,0.245124500,0.010800375,0,0,0,28302957,737,196
permutation_survival,B1,8,1013955042,16,2,14,7,7,invalid_mapping,2,3,10,8,unsat,False,300.0,0.246135500,0.038264208,584,296,35993,28561407,737,196
permutation_survival,B2,8,1013955042,16,2,14,7,7,base,,,,,sat,False,300.0,0.224596291,0.010216709,1,0,9,28670256,736,98
permutation_survival,B2,8,1013955042,16,2,14,7,7,invalid_mapping,0,1,10,13,unsat,False,300.0,0.223446500,0.003123250,0,0,0,28692700,737,98
permutation_survival,B2,8,1013955042,16,2,14,7,7,invalid_mapping,1,7,6,15,unsat,False,300.0,0.222314167,0.002695542,0,0,0,28714406,737,98
permutation_survival,B2,8,1013955042,16,2,14,7,7,invalid_mapping,2,3,10,8,unsat,False,300.0,0.224243083,0.004096958,0,0,0,28744203,737,98
permutation_survival,C,8,1013955042,16,2,14,7,7,base,,,,,sat,False,300.0,0.120501917,0.020070625,510,188,13478,28884429,512,98
permutation_survival,C,8,1013955042,16,2,14,7,7,invalid_mapping,0,1,10,13,unsat,False,300.0,0.120460291,0.023281083,952,338,22712,29041148,513,98
permutation_survival,C,8,1013955042,16,2,14,7,7,invalid_mapping,1,7,6,15,unsat,False,300.0,0.120581333,0.006261791,0,0,0,29110734,513,98
permutation_survival,C,8,1013955042,16,2,14,7,7,invalid_mapping,2,3,10,8,unsat,False,300.0,0.120822250,0.003346125,0,0,0,29134975,513,98
permutation_survival,A,9,178332925,16,2,14,7,7,base,,,,,sat,False,300.0,0.250665541,0.044701500,751,318,40418,29437255,736,196
permutation_survival,A,9,178332925,16,2,14,7,7,invalid_mapping,0,15,5,14,unsat,False,300.0,0.252012667,0.034962584,357,170,16702,29689275,737,196
permutation_survival,A,9,178332925,16,2,14,7,7,invalid_mapping,1,6,14,1,unsat,False,300.0,0.262656625,0.029061125,3,2,174,29916641,737,196
permutation_survival,A,9,178332925,16,2,14,7,7,invalid_mapping,2,1,8,12,unsat,False,300.0,0.259359083,0.031997667,116,45,3657,30161502,737,196
permutation_survival,B1,9,178332925,16,2,14,7,7,base,,,,,sat,False,300.0,0.252909583,0.069806792,3452,1078,124232,30578927,736,196
permutation_survival,B1,9,178332925,16,2,14,7,7,invalid_mapping,0,15,5,14,unsat,False,300.0,0.252047625,0.043147083,450,337,54258,30863782,737,196
permutation_survival,B1,9,178332925,16,2,14,7,7,invalid_mapping,1,6,14,1,unsat,False,300.0,0.253750291,0.029246041,155,44,3463,31082929,737,196
permutation_survival,B1,9,178332925,16,2,14,7,7,invalid_mapping,2,1,8,12,unsat,False,300.0,0.256397291,0.033500708,396,184,14767,31318525,737,196
permutation_survival,B2,9,178332925,16,2,14,7,7,base,,,,,sat,False,300.0,0.227646125,0.011709583,3,3,47,31463856,736,98
permutation_survival,B2,9,178332925,16,2,14,7,7,invalid_mapping,0,15,5,14,unsat,False,300.0,0.231588542,0.002634125,0,0,0,31484846,737,98
permutation_survival,B2,9,178332925,16,2,14,7,7,invalid_mapping,1,6,14,1,unsat,False,300.0,0.229756125,0.002915834,0,0,0,31506994,737,98
permutation_survival,B2,9,178332925,16,2,14,7,7,invalid_mapping,2,1,8,12,unsat,False,300.0,0.227480000,0.003764625,0,0,0,31533477,737,98
permutation_survival,C,9,178332925,16,2,14,7,7,base,,,,,sat,False,300.0,0.117426625,0.046593792,3130,1256,86635,31799578,512,98
permutation_survival,C,9,178332925,16,2,14,7,7,invalid_mapping,0,15,5,14,unsat,False,300.0,0.119175500,0.017956625,203,89,3212,31922803,513,98
permutation_survival,C,9,178332925,16,2,14,7,7,invalid_mapping,1,6,14,1,unsat,False,300.0,0.118322125,0.003279125,0,0,0,31947312,513,98
permutation_survival,C,9,178332925,16,2,14,7,7,invalid_mapping,2,1,8,12,unsat,False,300.0,0.117542292,0.044812583,2458,1314,110737,32226378,513,98
permutation_survival,A,0,1937133688,18,2,16,8,8,base,,,,,sat,False,300.0,0.365551667,0.071638542,2898,1152,123072,32759570,936,256
permutation_survival,A,0,1937133688,18,2,16,8,8,invalid_mapping,0,9,1,7,unsat,False,300.0,0.366781000,0.005964250,0,0,0,32807710,937,256
permutation_survival,A,0,1937133688,18,2,16,8,8,invalid_mapping,1,5,12,0,unsat,False,300.0,0.363954333,0.062904291,1028,466,65767,33265491,937,256
permutation_survival,A,0,1937133688,18,2,16,8,8,invalid_mapping,2,2,17,8,unsat,False,300.0,0.364324209,0.016959875,0,0,0,33467794,937,256
permutation_survival,B1,0,1937133688,18,2,16,8,8,base,,,,,sat,False,300.0,0.364674208,0.075789084,2144,786,92791,33950473,936,256
permutation_survival,B1,0,1937133688,18,2,16,8,8,invalid_mapping,0,9,1,7,unsat,False,300.0,0.390467375,0.005515791,0,0,0,33995289,937,256
permutation_survival,B1,0,1937133688,18,2,16,8,8,invalid_mapping,1,5,12,0,unsat,False,300.0,0.352548000,0.055714834,717,381,47673,34412175,937,256
permutation_survival,B1,0,1937133688,18,2,16,8,8,invalid_mapping,2,2,17,8,unsat,False,300.0,0.355370875,0.016113708,0,0,0,34608549,937,256
permutation_survival,B2,0,1937133688,18,2,16,8,8,base,,,,,sat,False,300.0,0.321077000,0.019732375,0,0,4,34868432,936,128
permutation_survival,B2,0,1937133688,18,2,16,8,8,invalid_mapping,0,9,1,7,unsat,False,300.0,0.327731500,0.003927875,0,0,0,34898852,937,128
permutation_survival,B2,0,1937133688,18,2,16,8,8,invalid_mapping,1,5,12,0,unsat,False,300.0,0.320354542,0.008230625,0,0,0,34972678,937,128
permutation_survival,B2,0,1937133688,18,2,16,8,8,invalid_mapping,2,2,17,8,unsat,False,300.0,0.341008917,0.005542000,0,0,0,35009901,937,128
permutation_survival,C,0,1937133688,18,2,16,8,8,base,,,,,sat,False,300.0,0.168069167,0.225889583,12401,5187,526438,35989418,648,128
permutation_survival,C,0,1937133688,18,2,16,8,8,invalid_mapping,0,9,1,7,unsat,False,300.0,0.165739750,0.476809500,25498,12361,1265196,37950064,649,128
permutation_survival,C,0,1937133688,18,2,16,8,8,invalid_mapping,1,5,12,0,unsat,False,300.0,0.168277500,0.409038750,16865,8554,1103343,39670680,649,128
permutation_survival,C,0,1937133688,18,2,16,8,8,invalid_mapping,2,2,17,8,unsat,False,300.0,0.187765833,0.298544042,11809,6755,810851,40948114,649,128
permutation_survival,A,1,1658226446,18,2,16,8,8,base,,,,,sat,False,300.0,0.367667125,0.479204416,20041,9592,1304605,43032264,936,256
permutation_survival,A,1,1658226446,18,2,16,8,8,invalid_mapping,0,2,12,2,unsat,False,300.0,0.369044625,0.397188167,12673,7882,1283092,45021023,937,256
permutation_survival,A,1,1658226446,18,2,16,8,8,invalid_mapping,1,6,16,0,unsat,False,300.0,0.368395959,0.236659916,8904,4370,549996,46120918,937,256
permutation_survival,A,1,1658226446,18,2,16,8,8,invalid_mapping,2,15,7,9,unsat,False,300.0,0.374861292,0.048564583,602,274,21261,46521545,937,256
permutation_survival,B1,1,1658226446,18,2,16,8,8,base,,,,,sat,False,300.0,0.379642958,0.183250208,7272,2867,494501,47558638,936,256
permutation_survival,B1,1,1658226446,18,2,16,8,8,invalid_mapping,0,2,12,2,unsat,False,300.0,0.373896083,0.085799292,2396,1050,150224,48153479,937,256
permutation_survival,B1,1,1658226446,18,2,16,8,8,invalid_mapping,1,6,16,0,unsat,False,300.0,0.379449000,0.115187583,2308,1101,275065,48897475,937,256
permutation_survival,B1,1,1658226446,18,2,16,8,8,invalid_mapping,2,15,7,9,unsat,False,300.0,0.374365875,0.070622250,650,233,32342,49298408,937,256
permutation_survival,B2,1,1658226446,18,2,16,8,8,base,,,,,sat,False,300.0,0.423547542,0.028877958,0,0,0,49589890,936,128
permutation_survival,B2,1,1658226446,18,2,16,8,8,invalid_mapping,0,2,12,2,unsat,False,300.0,0.513157458,0.008133875,0,0,0,49633735,937,128
permutation_survival,B2,1,1658226446,18,2,16,8,8,invalid_mapping,1,6,16,0,unsat,False,300.0,0.520363791,0.005117125,0,0,0,49665507,937,128
permutation_survival,B2,1,1658226446,18,2,16,8,8,invalid_mapping,2,15,7,9,unsat,False,300.0,0.352540500,0.004307292,0,0,0,49696321,937,128
permutation_survival,C,1,1658226446,18,2,16,8,8,base,,,,,sat,False,300.0,0.178563459,0.073269834,3995,1536,138812,50082859,648,128
permutation_survival,C,1,1658226446,18,2,16,8,8,invalid_mapping,0,2,12,2,unsat,False,300.0,0.174324167,0.005015291,0,0,0,50114754,649,128
permutation_survival,C,1,1658226446,18,2,16,8,8,invalid_mapping,1,6,16,0,unsat,False,300.0,0.209416333,0.059258708,3709,1322,96137,50451317,649,128
permutation_survival,C,1,1658226446,18,2,16,8,8,invalid_mapping,2,15,7,9,unsat,False,300.0,0.170297208,0.125388917,9452,4596,323626,51116397,649,128
permutation_survival,A,2,592908796,18,2,16,8,8,base,,,,,sat,False,300.0,0.381970166,0.200316167,8615,4492,665681,52320279,936,256
permutation_survival,A,2,592908796,18,2,16,8,8,invalid_mapping,0,13,0,17,unsat,False,300.0,0.374252500,0.062906458,1187,575,63881,52759197,937,256
permutation_survival,A,2,592908796,18,2,16,8,8,invalid_mapping,1,12,17,14,unsat,False,300.0,0.376243209,0.023553000,0,0,0,53030321,937,256
permutation_survival,A,2,592908796,18,2,16,8,8,invalid_mapping,2,3,8,7,unsat,False,300.0,0.376108625,0.006416875,0,0,0,53083239,937,256
permutation_survival,B1,2,592908796,18,2,16,8,8,base,,,,,sat,False,300.0,0.367853208,0.114060417,5569,1895,275865,53808278,936,256
permutation_survival,B1,2,592908796,18,2,16,8,8,invalid_mapping,0,13,0,17,unsat,False,300.0,0.364641167,0.080495666,2594,945,123246,54320374,937,256
permutation_survival,B1,2,592908796,18,2,16,8,8,invalid_mapping,1,12,17,14,unsat,False,300.0,0.367395959,0.047093750,480,68,9177,54706784,937,256
permutation_survival,B1,2,592908796,18,2,16,8,8,invalid_mapping,2,3,8,7,unsat,False,300.0,0.369593625,0.006096875,0,0,0,54755082,937,256
permutation_survival,B2,2,592908796,18,2,16,8,8,base,,,,,sat,False,300.0,0.323990250,0.025654959,37,9,360,55061315,936,128
permutation_survival,B2,2,592908796,18,2,16,8,8,invalid_mapping,0,13,0,17,unsat,False,300.0,0.327475000,0.004039375,0,0,0,55090805,937,128
permutation_survival,B2,2,592908796,18,2,16,8,8,invalid_mapping,1,12,17,14,unsat,False,300.0,0.326207667,0.003921375,0,0,0,55120301,937,128
permutation_survival,B2,2,592908796,18,2,16,8,8,invalid_mapping,2,3,8,7,unsat,False,300.0,0.325545125,0.004161166,0,0,0,55150823,937,128
permutation_survival,C,2,592908796,18,2,16,8,8,base,,,,,sat,False,300.0,0.170912125,0.488176500,36292,19719,1594368,57598822,648,128
permutation_survival,C,2,592908796,18,2,16,8,8,invalid_mapping,0,13,0,17,unsat,False,300.0,0.169441458,0.070698125,5136,2384,165625,58020136,649,128
permutation_survival,C,2,592908796,18,2,16,8,8,invalid_mapping,1,12,17,14,unsat,False,300.0,0.168968917,0.480690250,28218,17758,1311359,59994450,649,128
permutation_survival,C,2,592908796,18,2,16,8,8,invalid_mapping,2,3,8,7,unsat,False,300.0,0.166843041,0.456340833,33156,21267,1514157,62211466,649,128
permutation_survival,A,3,276744410,18,2,16,8,8,base,,,,,sat,False,300.0,0.378918167,0.340705125,14972,6794,1129722,63974137,936,256
permutation_survival,A,3,276744410,18,2,16,8,8,invalid_mapping,0,15,3,15,unsat,False,300.0,0.370174917,0.066820959,1600,562,75543,64435750,937,256
permutation_survival,A,3,276744410,18,2,16,8,8,invalid_mapping,1,17,16,5,unsat,False,300.0,0.370996833,0.046592500,124,37,2488,64798153,937,256
permutation_survival,A,3,276744410,18,2,16,8,8,invalid_mapping,2,4,4,2,unsat,False,300.0,0.367610458,0.107197792,3142,1151,192513,65423494,937,256
permutation_survival,B1,3,276744410,18,2,16,8,8,base,,,,,sat,False,300.0,0.369893792,0.180492250,6102,2269,418818,66346306,936,256
permutation_survival,B1,3,276744410,18,2,16,8,8,invalid_mapping,0,15,3,15,unsat,False,300.0,0.370800833,0.185251459,6007,2679,424361,67258127,937,256
permutation_survival,B1,3,276744410,18,2,16,8,8,invalid_mapping,1,17,16,5,unsat,False,300.0,0.511323500,0.238861750,5256,2561,437759,68164020,937,256
permutation_survival,B1,3,276744410,18,2,16,8,8,invalid_mapping,2,4,4,2,unsat,False,300.0,0.386174125,0.092482791,2232,894,130241,68716271,937,256
permutation_survival,B2,3,276744410,18,2,16,8,8,base,,,,,sat,False,300.0,0.329895083,0.022350458,0,0,1,68979980,936,128
permutation_survival,B2,3,276744410,18,2,16,8,8,invalid_mapping,0,15,3,15,unsat,False,300.0,0.327616208,0.004003958,0,0,0,69011580,937,128
permutation_survival,B2,3,276744410,18,2,16,8,8,invalid_mapping,1,17,16,5,unsat,False,300.0,0.326515042,0.006029416,0,0,0,69053044,937,128
permutation_survival,B2,3,276744410,18,2,16,8,8,invalid_mapping,2,4,4,2,unsat,False,300.0,0.324426708,0.005724291,0,0,0,69092748,937,128
permutation_survival,C,3,276744410,18,2,16,8,8,base,,,,,sat,False,300.0,0.166914375,0.188417125,12317,5819,532161,69997564,648,128
permutation_survival,C,3,276744410,18,2,16,8,8,invalid_mapping,0,15,3,15,unsat,False,300.0,0.164682458,0.008669083,0,0,0,70092479,649,128
permutation_survival,C,3,276744410,18,2,16,8,8,invalid_mapping,1,17,16,5,unsat,False,300.0,0.165082583,0.023551208,152,68,2478,70258276,649,128
permutation_survival,C,3,276744410,18,2,16,8,8,invalid_mapping,2,4,4,2,unsat,False,300.0,0.164308500,0.098121583,5501,2544,269192,70807552,649,128
permutation_survival,A,4,151839337,18,2,16,8,8,base,,,,,sat,False,300.0,0.364174959,0.065521125,1941,715,86060,71269509,936,256
permutation_survival,A,4,151839337,18,2,16,8,8,invalid_mapping,0,1,2,3,unsat,False,300.0,0.364246917,0.050942875,592,340,38099,71643848,937,256
permutation_survival,A,4,151839337,18,2,16,8,8,invalid_mapping,1,0,11,10,unsat,False,300.0,0.367056292,0.005957542,0,0,0,71693174,937,256
permutation_survival,A,4,151839337,18,2,16,8,8,invalid_mapping,2,15,4,5,unsat,False,300.0,0.370653584,0.055542375,1057,418,52909,72089604,937,256
permutation_survival,B1,4,151839337,18,2,16,8,8,base,,,,,sat,False,300.0,0.372824709,0.199245500,8080,3580,443046,73024694,936,256
permutation_survival,B1,4,151839337,18,2,16,8,8,invalid_mapping,0,1,2,3,unsat,False,300.0,0.361030291,0.089612750,3134,1390,209212,73589588,937,256
permutation_survival,B1,4,151839337,18,2,16,8,8,invalid_mapping,1,0,11,10,unsat,False,300.0,0.365790709,0.006063834,0,0,0,73635714,937,256
permutation_survival,B1,4,151839337,18,2,16,8,8,invalid_mapping,2,15,4,5,unsat,False,300.0,0.367038042,0.090604500,2942,1255,173034,74171470,937,256
permutation_survival,B2,4,151839337,18,2,16,8,8,base,,,,,sat,False,300.0,0.331342375,0.017700542,4,2,85,74397716,936,128
permutation_survival,B2,4,151839337,18,2,16,8,8,invalid_mapping,0,1,2,3,unsat,False,300.0,0.325804916,0.004045041,0,0,0,74428742,937,128
permutation_survival,B2,4,151839337,18,2,16,8,8,invalid_mapping,1,0,11,10,unsat,False,300.0,0.352389875,0.004172625,0,0,0,74459822,937,128
permutation_survival,B2,4,151839337,18,2,16,8,8,invalid_mapping,2,15,4,5,unsat,False,300.0,0.382487041,0.005119500,0,0,0,74496525,937,128
permutation_survival,C,4,151839337,18,2,16,8,8,base,,,,,sat,False,300.0,0.167747000,0.050209875,2949,930,74919,74795299,648,128
permutation_survival,C,4,151839337,18,2,16,8,8,invalid_mapping,0,1,2,3,unsat,False,300.0,0.169766708,0.034980416,1682,698,44554,75029068,649,128
permutation_survival,C,4,151839337,18,2,16,8,8,invalid_mapping,1,0,11,10,unsat,False,300.0,0.167983500,0.037604041,1651,717,42072,75259240,649,128
permutation_survival,C,4,151839337,18,2,16,8,8,invalid_mapping,2,15,4,5,unsat,False,300.0,0.172156458,0.022773000,216,75,3403,75424404,649,128
permutation_survival,A,5,1146148583,18,2,16,8,8,base,,,,,sat,False,300.0,0.367801500,0.176910875,6945,3052,449829,76336254,936,256
permutation_survival,A,5,1146148583,18,2,16,8,8,invalid_mapping,0,17,13,8,unsat,False,300.0,0.370282875,0.007284375,0,0,0,76388440,937,256
permutation_survival,A,5,1146148583,18,2,16,8,8,invalid_mapping,1,16,4,7,unsat,False,300.0,0.370987542,0.059752792,936,425,46627,76785057,937,256
permutation_survival,A,5,1146148583,18,2,16,8,8,invalid_mapping,2,7,7,0,unsat,False,300.0,0.367593333,0.068149541,1406,541,73014,77221253,937,256
permutation_survival,B1,5,1146148583,18,2,16,8,8,base,,,,,sat,False,300.0,0.363108416,0.059409041,1355,466,58424,77667534,936,256
permutation_survival,B1,5,1146148583,18,2,16,8,8,invalid_mapping,0,17,13,8,unsat,False,300.0,0.356801792,0.006998459,0,0,0,77718088,937,256
permutation_survival,B1,5,1146148583,18,2,16,8,8,invalid_mapping,1,16,4,7,unsat,False,300.0,0.358949167,0.051726416,693,214,22857,78119345,937,256
permutation_survival,B1,5,1146148583,18,2,16,8,8,invalid_mapping,2,7,7,0,unsat,False,300.0,0.363162250,0.063003125,1807,587,61362,78575046,937,256
permutation_survival,B2,5,1146148583,18,2,16,8,8,base,,,,,sat,False,300.0,0.330588833,0.019566250,0,0,8,78801238,936,128
permutation_survival,B2,5,1146148583,18,2,16,8,8,invalid_mapping,0,17,13,8,unsat,False,300.0,0.330356292,0.004577333,0,0,0,78833964,937,128
permutation_survival,B2,5,1146148583,18,2,16,8,8,invalid_mapping,1,16,4,7,unsat,False,300.0,0.326473667,0.006466167,0,0,0,78878130,937,128
permutation_survival,B2,5,1146148583,18,2,16,8,8,invalid_mapping,2,7,7,0,unsat,False,300.0,0.341607125,0.005873333,0,0,0,78918996,937,128
permutation_survival,C,5,1146148583,18,2,16,8,8,base,,,,,sat,False,300.0,0.162994042,0.379319459,23179,13216,1140668,80737233,648,128
permutation_survival,C,5,1146148583,18,2,16,8,8,invalid_mapping,0,17,13,8,unsat,False,300.0,0.164245125,0.281180584,20528,10972,862170,82169600,649,128
permutation_survival,C,5,1146148583,18,2,16,8,8,invalid_mapping,1,16,4,7,unsat,False,300.0,0.162970583,0.260460917,15005,8805,777842,83426539,649,128
permutation_survival,C,5,1146148583,18,2,16,8,8,invalid_mapping,2,7,7,0,unsat,False,300.0,0.163599167,0.359753500,15908,10261,1176704,85162790,649,128
permutation_survival,A,6,1418050407,18,2,16,8,8,base,,,,,sat,False,300.0,0.383364916,0.292318000,8787,5095,1052856,86798217,936,256
permutation_survival,A,6,1418050407,18,2,16,8,8,invalid_mapping,0,10,0,15,unsat,False,300.0,0.379858917,0.048564500,161,45,2507,87167410,937,256
permutation_survival,A,6,1418050407,18,2,16,8,8,invalid_mapping,1,4,4,8,unsat,False,300.0,0.380652500,0.086037417,1301,939,179760,87751644,937,256
permutation_survival,A,6,1418050407,18,2,16,8,8,invalid_mapping,2,9,4,6,unsat,False,300.0,0.383444625,0.065036667,1046,626,79791,88211034,937,256
permutation_survival,B1,6,1418050407,18,2,16,8,8,base,,,,,sat,False,300.0,0.355711083,0.056407792,1176,377,50055,88595731,936,256
permutation_survival,B1,6,1418050407,18,2,16,8,8,invalid_mapping,0,10,0,15,unsat,False,300.0,0.352670709,0.046221584,259,101,8974,88925090,937,256
permutation_survival,B1,6,1418050407,18,2,16,8,8,invalid_mapping,1,4,4,8,unsat,False,300.0,0.353239916,0.045384917,164,72,6969,89264181,937,256
permutation_survival,B1,6,1418050407,18,2,16,8,8,invalid_mapping,2,9,4,6,unsat,False,300.0,0.350449000,0.043544375,198,50,3826,89600811,937,256
permutation_survival,B2,6,1418050407,18,2,16,8,8,base,,,,,sat,False,300.0,0.315274667,0.015456583,0,0,0,89768061,936,128
permutation_survival,B2,6,1418050407,18,2,16,8,8,invalid_mapping,0,10,0,15,unsat,False,300.0,0.318010167,0.005868500,0,0,0,89808423,937,128
permutation_survival,B2,6,1418050407,18,2,16,8,8,invalid_mapping,1,4,4,8,unsat,False,300.0,0.317130042,0.005112125,0,0,0,89843923,937,128
permutation_survival,B2,6,1418050407,18,2,16,8,8,invalid_mapping,2,9,4,6,unsat,False,300.0,0.320444750,0.005026833,0,0,0,89879466,937,128
permutation_survival,C,6,1418050407,18,2,16,8,8,base,,,,,sat,False,300.0,0.163634500,2.817748791,110954,71668,7423658,100232335,648,128
permutation_survival,C,6,1418050407,18,2,16,8,8,invalid_mapping,0,10,0,15,unsat,False,300.0,0.167579292,0.257988667,20531,11666,791178,101545966,649,128
permutation_survival,C,6,1418050407,18,2,16,8,8,invalid_mapping,1,4,4,8,unsat,False,300.0,0.165750792,0.101625417,8342,4316,292592,102145786,649,128
permutation_survival,C,6,1418050407,18,2,16,8,8,invalid_mapping,2,9,4,6,unsat,False,300.0,0.164144083,0.027695917,563,222,12375,102333329,649,128
permutation_survival,A,7,800451658,18,2,16,8,8,base,,,,,sat,False,300.0,0.360602333,0.654821792,23170,12386,2224988,105333925,936,256
permutation_survival,A,7,800451658,18,2,16,8,8,invalid_mapping,0,4,4,5,unsat,False,300.0,0.361342792,0.070147708,1345,512,70765,105824176,937,256
permutation_survival,A,7,800451658,18,2,16,8,8,invalid_mapping,1,9,13,12,unsat,False,300.0,0.360556958,0.017246834,0,0,0,106033346,937,256
permutation_survival,A,7,800451658,18,2,16,8,8,invalid_mapping,2,6,15,1,unsat,False,300.0,0.363006542,0.007477084,0,0,0,106088193,937,256
permutation_survival,B1,7,800451658,18,2,16,8,8,base,,,,,sat,False,300.0,0.353434417,0.252660583,10488,4108,701886,107357584,936,256
permutation_survival,B1,7,800451658,18,2,16,8,8,invalid_mapping,0,4,4,5,unsat,False,300.0,0.351311000,0.045389792,63,12,760,107722904,937,256
permutation_survival,B1,7,800451658,18,2,16,8,8,invalid_mapping,1,9,13,12,unsat,False,300.0,0.352722459,0.016864917,0,0,0,107923937,937,256
permutation_survival,B1,7,800451658,18,2,16,8,8,invalid_mapping,2,6,15,1,unsat,False,300.0,0.349667958,0.007077292,0,0,0,107973350,937,256
permutation_survival,B2,7,800451658,18,2,16,8,8,base,,,,,sat,False,300.0,0.314795416,0.026456750,13,6,2186,108198416,936,128
permutation_survival,B2,7,800451658,18,2,16,8,8,invalid_mapping,0,4,4,5,unsat,False,300.0,0.315895958,0.003943084,0,0,0,108229012,937,128
permutation_survival,B2,7,800451658,18,2,16,8,8,invalid_mapping,1,9,13,12,unsat,False,300.0,0.317407083,0.003783000,0,0,0,108259014,937,128
permutation_survival,B2,7,800451658,18,2,16,8,8,invalid_mapping,2,6,15,1,unsat,False,300.0,0.317130125,0.005276250,0,0,0,108295808,937,128
permutation_survival,C,7,800451658,18,2,16,8,8,base,,,,,sat,False,300.0,0.164292583,0.056905500,3206,1219,100806,108623998,648,128
permutation_survival,C,7,800451658,18,2,16,8,8,invalid_mapping,0,4,4,5,unsat,False,300.0,0.164489833,0.051614834,2889,1314,108231,108941199,649,128
permutation_survival,C,7,800451658,18,2,16,8,8,invalid_mapping,1,9,13,12,unsat,False,300.0,0.163437541,0.053500583,2267,1061,98453,109246355,649,128
permutation_survival,C,7,800451658,18,2,16,8,8,invalid_mapping,2,6,15,1,unsat,False,300.0,0.164253917,0.156239375,8882,3880,345607,109926748,649,128
permutation_survival,A,8,1301001786,18,2,16,8,8,base,,,,,sat,False,300.0,0.364804250,0.253016917,9474,4503,700997,111172533,936,256
permutation_survival,A,8,1301001786,18,2,16,8,8,invalid_mapping,0,17,11,0,unsat,False,300.0,0.365392958,0.052225209,409,212,19224,111545909,937,256
permutation_survival,A,8,1301001786,18,2,16,8,8,invalid_mapping,1,6,7,14,unsat,False,300.0,0.363385834,0.009406375,0,0,0,111611174,937,256
permutation_survival,A,8,1301001786,18,2,16,8,8,invalid_mapping,2,1,8,10,unsat,False,300.0,0.361793750,0.056564541,778,334,47881,112020776,937,256
permutation_survival,B1,8,1301001786,18,2,16,8,8,base,,,,,sat,False,300.0,0.363526416,0.731802291,29203,14148,1898015,114751494,936,256
permutation_survival,B1,8,1301001786,18,2,16,8,8,invalid_mapping,0,17,11,0,unsat,False,300.0,0.374954084,0.049788708,416,152,11840,115114765,937,256
permutation_survival,B1,8,1301001786,18,2,16,8,8,invalid_mapping,1,6,7,14,unsat,False,300.0,0.375412208,0.009093291,0,0,0,115179970,937,256
permutation_survival,B1,8,1301001786,18,2,16,8,8,invalid_mapping,2,1,8,10,unsat,False,300.0,0.429842625,0.181247625,4202,2494,461777,116113582,937,256
permutation_survival,B2,8,1301001786,18,2,16,8,8,base,,,,,sat,False,300.0,0.321897833,0.033893459,0,0,967,116416307,936,128
permutation_survival,B2,8,1301001786,18,2,16,8,8,invalid_mapping,0,17,11,0,unsat,False,300.0,0.323235917,0.004216333,0,0,0,116447673,937,128
permutation_survival,B2,8,1301001786,18,2,16,8,8,invalid_mapping,1,6,7,14,unsat,False,300.0,0.333054333,0.004638583,0,0,0,116480927,937,128
permutation_survival,B2,8,1301001786,18,2,16,8,8,invalid_mapping,2,1,8,10,unsat,False,300.0,0.327233042,0.004431875,0,0,0,116514715,937,128
permutation_survival,C,8,1301001786,18,2,16,8,8,base,,,,,sat,False,300.0,0.166472834,0.111546666,7323,2969,235743,117069286,648,128
permutation_survival,C,8,1301001786,18,2,16,8,8,invalid_mapping,0,17,11,0,unsat,False,300.0,0.165259750,0.165555042,9850,4439,383096,117825747,649,128
permutation_survival,C,8,1301001786,18,2,16,8,8,invalid_mapping,1,6,7,14,unsat,False,300.0,0.164133208,0.022041208,87,24,841,117985929,649,128
permutation_survival,C,8,1301001786,18,2,16,8,8,invalid_mapping,2,1,8,10,unsat,False,300.0,0.165012000,0.008650500,0,0,0,118079528,649,128
permutation_survival,A,9,1622122130,18,2,16,8,8,base,,,,,sat,False,300.0,0.357400875,0.209925334,7899,3555,568510,119136379,936,256
permutation_survival,A,9,1622122130,18,2,16,8,8,invalid_mapping,0,8,7,17,unsat,False,300.0,0.371676167,0.100584875,3506,1341,186171,119724666,937,256
permutation_survival,A,9,1622122130,18,2,16,8,8,invalid_mapping,1,4,12,11,unsat,False,300.0,0.361976959,0.245881042,5664,3526,715989,120948483,937,256
permutation_survival,A,9,1622122130,18,2,16,8,8,invalid_mapping,2,12,0,8,unsat,False,300.0,0.358532667,0.180704209,5171,2619,534174,121944163,937,256
permutation_survival,B1,9,1622122130,18,2,16,8,8,base,,,,,sat,False,300.0,0.361554041,0.348829458,9018,4650,1011618,123559553,936,256
permutation_survival,B1,9,1622122130,18,2,16,8,8,invalid_mapping,0,8,7,17,unsat,False,300.0,0.357399042,0.101577625,3367,1358,190000,124154903,937,256
permutation_survival,B1,9,1622122130,18,2,16,8,8,invalid_mapping,1,4,12,11,unsat,False,300.0,0.358592708,0.528186542,16435,8729,1669686,126509067,937,256
permutation_survival,B1,9,1622122130,18,2,16,8,8,invalid_mapping,2,12,0,8,unsat,False,300.0,0.360074291,1.039604083,32062,18275,3373470,130749143,937,256
permutation_survival,B2,9,1622122130,18,2,16,8,8,base,,,,,sat,False,300.0,0.319960000,0.022245208,0,0,0,131024200,936,128
permutation_survival,B2,9,1622122130,18,2,16,8,8,invalid_mapping,0,8,7,17,unsat,False,300.0,0.316868167,0.006110500,0,0,0,131066707,937,128
permutation_survival,B2,9,1622122130,18,2,16,8,8,invalid_mapping,1,4,12,11,unsat,False,300.0,0.319737875,0.016190959,0,0,0,131226007,937,128
permutation_survival,B2,9,1622122130,18,2,16,8,8,invalid_mapping,2,12,0,8,unsat,False,300.0,0.317709541,0.004026500,0,0,0,131256651,937,128
permutation_survival,C,9,1622122130,18,2,16,8,8,base,,,,,sat,False,300.0,0.167719416,0.113019416,8688,3951,311823,131887242,648,128
permutation_survival,C,9,1622122130,18,2,16,8,8,invalid_mapping,0,8,7,17,unsat,False,300.0,0.168039333,0.027930250,817,327,20236,132078312,649,128
permutation_survival,C,9,1622122130,18,2,16,8,8,invalid_mapping,1,4,12,11,unsat,False,300.0,0.167810250,0.004740375,0,0,0,132112761,649,128
permutation_survival,C,9,1622122130,18,2,16,8,8,invalid_mapping,2,12,0,8,unsat,False,300.0,0.167070625,0.040655541,1599,698,60149,132360823,649,128
permutation_survival,A,0,1070112205,20,2,18,9,9,base,,,,,sat,False,300.0,0.492857292,0.323344459,8091,4543,901493,133989715,1160,324
permutation_survival,A,0,1070112205,20,2,18,9,9,invalid_mapping,0,2,18,11,unsat,False,300.0,0.496068833,0.008998750,0,0,0,134056805,1161,324
permutation_survival,A,0,1070112205,20,2,18,9,9,invalid_mapping,1,0,18,6,unsat,False,300.0,0.500357834,0.159974209,2278,1702,354218,134945709,1161,324
permutation_survival,A,0,1070112205,20,2,18,9,9,invalid_mapping,2,11,18,4,unsat,False,300.0,0.503389709,0.114801875,1600,989,174040,135611578,1161,324
permutation_survival,B1,0,1070112205,20,2,18,9,9,base,,,,,sat,False,300.0,0.475114916,0.132475875,4661,1441,228896,136356801,1160,324
permutation_survival,B1,0,1070112205,20,2,18,9,9,invalid_mapping,0,2,18,11,unsat,False,300.0,0.482833042,0.008177125,0,0,0,136416867,1161,324
permutation_survival,B1,0,1070112205,20,2,18,9,9,invalid_mapping,1,0,18,6,unsat,False,300.0,0.509404458,0.093585792,2048,822,121198,136983276,1161,324
permutation_survival,B1,0,1070112205,20,2,18,9,9,invalid_mapping,2,11,18,4,unsat,False,300.0,0.477842291,0.104851459,1928,994,149962,137585111,1161,324
permutation_survival,B2,0,1070112205,20,2,18,9,9,base,,,,,sat,False,300.0,0.436369584,0.038722083,0,0,689,137954802,1160,162
permutation_survival,B2,0,1070112205,20,2,18,9,9,invalid_mapping,0,2,18,11,unsat,False,300.0,0.434571833,0.005781416,0,0,0,137994744,1161,162
permutation_survival,B2,0,1070112205,20,2,18,9,9,invalid_mapping,1,0,18,6,unsat,False,300.0,0.436534375,0.008262041,0,0,0,138047772,1161,162
permutation_survival,B2,0,1070112205,20,2,18,9,9,invalid_mapping,2,11,18,4,unsat,False,300.0,0.436519250,0.008086292,0,0,0,138100844,1161,162
permutation_survival,C,0,1070112205,20,2,18,9,9,base,,,,,sat,False,300.0,0.219465250,1.154788834,51315,26931,3214659,142787568,800,162
permutation_survival,C,0,1070112205,20,2,18,9,9,invalid_mapping,0,2,18,11,unsat,False,300.0,0.220838542,0.597977000,26709,13235,1791883,145463763,801,162
permutation_survival,C,0,1070112205,20,2,18,9,9,invalid_mapping,1,0,18,6,unsat,False,300.0,0.222241416,0.227158167,13376,6790,618522,146564483,801,162
permutation_survival,C,0,1070112205,20,2,18,9,9,invalid_mapping,2,11,18,4,unsat,False,300.0,0.220441584,0.583760292,27299,14795,1600488,149041115,801,162
permutation_survival,A,1,85387682,20,2,18,9,9,base,,,,,sat,False,300.0,0.489208292,0.204453792,7977,2633,450408,150103672,1160,324
permutation_survival,A,1,85387682,20,2,18,9,9,invalid_mapping,0,3,13,0,unsat,False,300.0,0.494813833,0.024790333,0,0,0,150393743,1161,324
permutation_survival,A,1,85387682,20,2,18,9,9,invalid_mapping,1,1,7,4,unsat,False,300.0,0.489430708,0.449195417,14258,6632,1388593,152549636,1161,324
permutation_survival,A,1,85387682,20,2,18,9,9,invalid_mapping,2,2,17,1,unsat,False,300.0,0.487055041,0.046539917,0,0,0,152992625,1161,324
permutation_survival,B1,1,85387682,20,2,18,9,9,base,,,,,sat,False,300.0,0.491094292,0.257340625,8890,3186,569781,154226749,1160,324
permutation_survival,B1,1,85387682,20,2,18,9,9,invalid_mapping,0,3,13,0,unsat,False,300.0,0.488351166,0.025623416,0,0,0,154514677,1161,324
permutation_survival,B1,1,85387682,20,2,18,9,9,invalid_mapping,1,1,7,4,unsat,False,300.0,0.494756834,0.232987208,6156,2639,501490,155633337,1161,324
permutation_survival,B1,1,85387682,20,2,18,9,9,invalid_mapping,2,2,17,1,unsat,False,300.0,0.495893084,0.089532792,2095,634,71291,156204780,1161,324
permutation_survival,B2,1,85387682,20,2,18,9,9,base,,,,,sat,False,300.0,0.444345458,0.035808667,2,0,1527,156463192,1160,162
permutation_survival,B2,1,85387682,20,2,18,9,9,invalid_mapping,0,3,13,0,unsat,False,300.0,0.444437083,0.005734333,0,0,0,156504632,1161,162
permutation_survival,B2,1,85387682,20,2,18,9,9,invalid_mapping,1,1,7,4,unsat,False,300.0,0.441591208,0.015000792,0,0,0,156658403,1161,162
permutation_survival,B2,1,85387682,20,2,18,9,9,invalid_mapping,2,2,17,1,unsat,False,300.0,0.442376209,0.005796834,0,0,0,156699939,1161,162
permutation_survival,C,1,85387682,20,2,18,9,9,base,,,,,sat,False,300.0,0.226541708,0.513773500,29061,12263,1386987,158931400,800,162
permutation_survival,C,1,85387682,20,2,18,9,9,invalid_mapping,0,3,13,0,unsat,False,300.0,0.227831166,0.006193583,0,0,0,158973157,801,162
permutation_survival,C,1,85387682,20,2,18,9,9,invalid_mapping,1,1,7,4,unsat,False,300.0,0.250865542,0.131988875,7054,2641,288370,159657320,801,162
permutation_survival,C,1,85387682,20,2,18,9,9,invalid_mapping,2,2,17,1,unsat,False,300.0,0.229302750,0.005951209,0,0,0,159699007,801,162
permutation_survival,A,2,88619740,20,2,18,9,9,base,,,,,sat,False,300.0,0.512304916,0.204101125,9242,3541,592045,160892200,1160,324
permutation_survival,A,2,88619740,20,2,18,9,9,invalid_mapping,0,3,14,13,unsat,False,300.0,0.513896250,0.056620042,13,3,183,161315651,1161,324
permutation_survival,A,2,88619740,20,2,18,9,9,invalid_mapping,1,12,5,6,unsat,False,300.0,0.509172208,0.153488500,4494,2194,382712,162225640,1161,324
permutation_survival,A,2,88619740,20,2,18,9,9,invalid_mapping,2,19,8,5,unsat,False,300.0,0.512017750,0.013823625,0,0,0,162318795,1161,324
permutation_survival,B1,2,88619740,20,2,18,9,9,base,,,,,sat,False,300.0,0.484379167,0.096941041,3588,818,127914,162952136,1160,324
permutation_survival,B1,2,88619740,20,2,18,9,9,invalid_mapping,0,3,14,13,unsat,False,300.0,0.481522417,0.056628042,8,3,121,163382020,1161,324
permutation_survival,B1,2,88619740,20,2,18,9,9,invalid_mapping,1,12,5,6,unsat,False,300.0,0.482058917,0.033363041,0,0,0,163736518,1161,324
permutation_survival,B1,2,88619740,20,2,18,9,9,invalid_mapping,2,19,8,5,unsat,False,300.0,0.483591792,0.011168833,0,0,0,163813663,1161,324
permutation_survival,B2,2,88619740,20,2,18,9,9,base,,,,,sat,False,300.0,0.437481667,0.029078209,0,0,406,164113419,1160,162
permutation_survival,B2,2,88619740,20,2,18,9,9,invalid_mapping,0,3,14,13,unsat,False,300.0,0.436372333,0.005897875,0,0,0,164153177,1161,162
permutation_survival,B2,2,88619740,20,2,18,9,9,invalid_mapping,1,12,5,6,unsat,False,300.0,0.437762625,0.005244333,0,0,0,164191391,1161,162
permutation_survival,B2,2,88619740,20,2,18,9,9,invalid_mapping,2,19,8,5,unsat,False,300.0,0.441279417,0.005008375,0,0,0,164228207,1161,162
permutation_survival,C,2,88619740,20,2,18,9,9,base,,,,,sat,False,300.0,0.223191375,0.233702667,16138,6540,578020,165326977,800,162
permutation_survival,C,2,88619740,20,2,18,9,9,invalid_mapping,0,3,14,13,unsat,False,300.0,0.222785500,0.200570084,10752,5393,579083,166340406,801,162
permutation_survival,C,2,88619740,20,2,18,9,9,invalid_mapping,1,12,5,6,unsat,False,300.0,0.227413166,0.012358833,0,0,0,166471421,801,162
permutation_survival,C,2,88619740,20,2,18,9,9,invalid_mapping,2,19,8,5,unsat,False,300.0,0.225059709,0.033902417,303,103,6241,166699894,801,162
permutation_survival,A,3,800571225,20,2,18,9,9,base,,,,,sat,False,300.0,0.590525167,0.293718750,7194,3680,801493,168149302,1160,324
permutation_survival,A,3,800571225,20,2,18,9,9,invalid_mapping,0,14,8,2,unsat,False,300.0,0.495758375,0.013312083,0,0,0,168242697,1161,324
permutation_survival,A,3,800571225,20,2,18,9,9,invalid_mapping,1,0,16,6,unsat,False,300.0,0.505944708,0.131526291,2774,1401,235066,168998147,1161,324
permutation_survival,A,3,800571225,20,2,18,9,9,invalid_mapping,2,19,18,16,unsat,False,300.0,0.511276584,0.014233500,0,0,0,169091536,1161,324
permutation_survival,B1,3,800571225,20,2,18,9,9,base,,,,,sat,False,300.0,0.510852625,0.144473333,3594,1184,240291,169885535,1160,324
permutation_survival,B1,3,800571225,20,2,18,9,9,invalid_mapping,0,14,8,2,unsat,False,300.0,0.505755708,0.013516041,0,0,0,169976084,1161,324
permutation_survival,B1,3,800571225,20,2,18,9,9,invalid_mapping,1,0,16,6,unsat,False,300.0,0.506426375,0.117643417,1892,844,158279,170634162,1161,324
permutation_survival,B1,3,800571225,20,2,18,9,9,invalid_mapping,2,19,18,16,unsat,False,300.0,0.506239916,0.013672208,0,0,0,170724705,1161,324
permutation_survival,B2,3,800571225,20,2,18,9,9,base,,,,,sat,False,300.0,0.449324375,0.035039166,30,10,1070,171072268,1160,162
permutation_survival,B2,3,800571225,20,2,18,9,9,invalid_mapping,0,14,8,2,unsat,False,300.0,0.449883167,0.005906208,0,0,0,171112072,1161,162
permutation_survival,B2,3,800571225,20,2,18,9,9,invalid_mapping,1,0,16,6,unsat,False,300.0,0.446172792,0.008647750,0,0,0,171167608,1161,162
permutation_survival,B2,3,800571225,20,2,18,9,9,invalid_mapping,2,19,18,16,unsat,False,300.0,0.447346541,0.005212792,0,0,0,171205604,1161,162
permutation_survival,C,3,800571225,20,2,18,9,9,base,,,,,sat,False,300.0,0.223702583,2.454678791,116879,69037,7737887,181461734,800,162
permutation_survival,C,3,800571225,20,2,18,9,9,invalid_mapping,0,14,8,2,unsat,False,300.0,0.224546667,0.806158625,36249,20615,2216456,184826579,801,162
permutation_survival,C,3,800571225,20,2,18,9,9,invalid_mapping,1,0,16,6,unsat,False,300.0,0.223624458,1.085209292,45494,24543,2859853,188967132,801,162
permutation_survival,C,3,800571225,20,2,18,9,9,invalid_mapping,2,19,18,16,unsat,False,300.0,0.227554792,1.683805584,68941,43271,4667744,195525504,801,162
permutation_survival,A,4,291111063,20,2,18,9,9,base,,,,,sat,False,300.0,0.499222542,0.088857667,1991,699,108497,196110112,1160,324
permutation_survival,A,4,291111063,20,2,18,9,9,invalid_mapping,0,8,8,4,unsat,False,300.0,0.628169541,0.028870958,0,0,0,196388463,1161,324
permutation_survival,A,4,291111063,20,2,18,9,9,invalid_mapping,1,10,19,8,unsat,False,300.0,0.501587334,0.061128292,484,70,6589,196849958,1161,324
permutation_survival,A,4,291111063,20,2,18,9,9,invalid_mapping,2,9,14,5,unsat,False,300.0,0.497820083,0.068241667,586,205,24269,197325861,1161,324
permutation_survival,B1,4,291111063,20,2,18,9,9,base,,,,,sat,False,300.0,0.647981500,0.208407375,7442,2052,396738,198295180,1160,324
permutation_survival,B1,4,291111063,20,2,18,9,9,invalid_mapping,0,8,8,4,unsat,False,300.0,0.627422042,0.024939667,0,0,0,198575804,1161,324
permutation_survival,B1,4,291111063,20,2,18,9,9,invalid_mapping,1,10,19,8,unsat,False,300.0,0.586735625,0.032358083,0,0,0,198902363,1161,324
permutation_survival,B1,4,291111063,20,2,18,9,9,invalid_mapping,2,9,14,5,unsat,False,300.0,0.656971750,0.173943334,2304,1657,379649,199861605,1161,324
permutation_survival,B2,4,291111063,20,2,18,9,9,base,,,,,sat,False,300.0,0.464190125,0.053406709,1,0,45,200201979,1160,162
permutation_survival,B2,4,291111063,20,2,18,9,9,invalid_mapping,0,8,8,4,unsat,False,300.0,0.632419875,0.005849041,0,0,0,200243527,1161,162
permutation_survival,B2,4,291111063,20,2,18,9,9,invalid_mapping,1,10,19,8,unsat,False,300.0,0.482182666,0.005773083,0,0,0,200284769,1161,162
permutation_survival,B2,4,291111063,20,2,18,9,9,invalid_mapping,2,9,14,5,unsat,False,300.0,0.453682667,0.005832583,0,0,0,200326161,1161,162
permutation_survival,C,4,291111063,20,2,18,9,9,base,,,,,sat,False,300.0,0.225665542,11.815110541,355573,205968,31738903,240846849,800,162
permutation_survival,C,4,291111063,20,2,18,9,9,invalid_mapping,0,8,8,4,unsat,False,300.0,0.230011916,7.350777417,208276,128948,19686219,266090801,801,162
permutation_survival,C,4,291111063,20,2,18,9,9,invalid_mapping,1,10,19,8,unsat,False,300.0,0.227843542,1.666123292,70109,41082,4170005,272078967,801,162
permutation_survival,C,4,291111063,20,2,18,9,9,invalid_mapping,2,9,14,5,unsat,False,300.0,0.226844125,2.259509750,67463,44172,6558607,280602471,801,162
permutation_survival,A,5,1076131786,20,2,18,9,9,base,,,,,sat,False,300.0,0.512223000,0.118574958,3147,1263,165947,281283716,1160,324
permutation_survival,A,5,1076131786,20,2,18,9,9,invalid_mapping,0,19,17,16,unsat,False,300.0,0.492117750,0.012597292,0,0,0,281368565,1161,324
permutation_survival,A,5,1076131786,20,2,18,9,9,invalid_mapping,1,3,2,12,unsat,False,300.0,0.500024250,0.026471333,0,0,0,281640329,1161,324
permutation_survival,A,5,1076131786,20,2,18,9,9,invalid_mapping,2,10,5,1,unsat,False,300.0,0.490247292,0.012398250,0,0,0,281725206,1161,324
permutation_survival,B1,5,1076131786,20,2,18,9,9,base,,,,,sat,False,300.0,0.509231125,0.121024375,4074,1257,184534,282468999,1160,324
permutation_survival,B1,5,1076131786,20,2,18,9,9,invalid_mapping,0,19,17,16,unsat,False,300.0,0.512098834,0.013478375,0,0,0,282559300,1161,324
permutation_survival,B1,5,1076131786,20,2,18,9,9,invalid_mapping,1,3,2,12,unsat,False,300.0,0.541026375,0.027005583,0,0,0,282840733,1161,324
permutation_survival,B1,5,1076131786,20,2,18,9,9,invalid_mapping,2,10,5,1,unsat,False,300.0,0.509942417,0.013699000,0,0,0,282931404,1161,324
permutation_survival,B2,5,1076131786,20,2,18,9,9,base,,,,,sat,False,300.0,0.451170541,0.035946375,19,5,1520,283204977,1160,162
permutation_survival,B2,5,1076131786,20,2,18,9,9,invalid_mapping,0,19,17,16,unsat,False,300.0,0.448507000,0.004936959,0,0,0,283242235,1161,162
permutation_survival,B2,5,1076131786,20,2,18,9,9,invalid_mapping,1,3,2,12,unsat,False,300.0,0.470263042,0.006407625,0,0,0,283282581,1161,162
permutation_survival,B2,5,1076131786,20,2,18,9,9,invalid_mapping,2,10,5,1,unsat,False,300.0,0.550145791,0.005415958,0,0,0,283322069,1161,162
permutation_survival,C,5,1076131786,20,2,18,9,9,base,,,,,sat,False,300.0,0.224952833,0.366439833,27055,11017,900150,284936154,800,162
permutation_survival,C,5,1076131786,20,2,18,9,9,invalid_mapping,0,19,17,16,unsat,False,300.0,0.224671583,0.609919709,26951,13948,1244637,287008750,801,162
permutation_survival,C,5,1076131786,20,2,18,9,9,invalid_mapping,1,3,2,12,unsat,False,300.0,0.227524875,0.471315250,30188,12512,1032869,288897866,801,162
permutation_survival,C,5,1076131786,20,2,18,9,9,invalid_mapping,2,10,5,1,unsat,False,300.0,0.224572750,0.498307584,27964,14589,1053569,290810476,801,162
permutation_survival,A,6,1477414685,20,2,18,9,9,base,,,,,sat,False,300.0,0.489907833,0.126833833,4097,1260,196277,291535800,1160,324
permutation_survival,A,6,1477414685,20,2,18,9,9,invalid_mapping,0,4,5,7,unsat,False,300.0,0.490243208,0.105017416,2855,1109,155182,292178435,1161,324
permutation_survival,A,6,1477414685,20,2,18,9,9,invalid_mapping,1,8,10,2,unsat,False,300.0,0.485933459,0.025352375,0,0,0,292450878,1161,324
permutation_survival,A,6,1477414685,20,2,18,9,9,invalid_mapping,2,3,12,13,unsat,False,300.0,0.488344292,0.070481084,1208,406,36654,292937012,1161,324
permutation_survival,B1,6,1477414685,20,2,18,9,9,base,,,,,sat,False,300.0,0.497373125,0.165031583,7731,2314,330733,293842915,1160,324
permutation_survival,B1,6,1477414685,20,2,18,9,9,invalid_mapping,0,4,5,7,unsat,False,300.0,0.496350333,0.120846625,2347,1143,186563,294533003,1161,324
permutation_survival,B1,6,1477414685,20,2,18,9,9,invalid_mapping,1,8,10,2,unsat,False,300.0,0.496842000,0.025322833,0,0,0,294807135,1161,324
permutation_survival,B1,6,1477414685,20,2,18,9,9,invalid_mapping,2,3,12,13,unsat,False,300.0,0.497261417,0.062912041,316,84,16950,295261524,1161,324
permutation_survival,B2,6,1477414685,20,2,18,9,9,base,,,,,sat,False,300.0,0.447364333,0.022685125,58,14,854,295503016,1160,162
permutation_survival,B2,6,1477414685,20,2,18,9,9,invalid_mapping,0,4,5,7,unsat,False,300.0,0.445986208,0.007098375,0,0,0,295549850,1161,162
permutation_survival,B2,6,1477414685,20,2,18,9,9,invalid_mapping,1,8,10,2,unsat,False,300.0,0.449438292,0.005616042,0,0,0,295588588,1161,162
permutation_survival,B2,6,1477414685,20,2,18,9,9,invalid_mapping,2,3,12,13,unsat,False,300.0,0.449629417,0.005612750,0,0,0,295627914,1161,162
permutation_survival,C,6,1477414685,20,2,18,9,9,base,,,,,sat,False,300.0,0.223459666,3.732198208,125659,83761,9939912,309348405,800,162
permutation_survival,C,6,1477414685,20,2,18,9,9,invalid_mapping,0,4,5,7,unsat,False,300.0,0.223233250,1.640091792,73067,33627,4479150,315908278,801,162
permutation_survival,C,6,1477414685,20,2,18,9,9,invalid_mapping,1,8,10,2,unsat,False,300.0,0.225489750,0.941554750,41827,25631,2678458,319816726,801,162
permutation_survival,C,6,1477414685,20,2,18,9,9,invalid_mapping,2,3,12,13,unsat,False,300.0,0.222886333,1.902529042,92012,47361,5711350,328118856,801,162
permutation_survival,A,7,1318443600,20,2,18,9,9,base,,,,,sat,False,300.0,0.590043417,1.352553500,38980,25529,4642846,334032599,1160,324
permutation_survival,A,7,1318443600,20,2,18,9,9,invalid_mapping,0,2,2,14,unsat,False,300.0,0.516549458,0.028052625,0,0,0,334319600,1161,324
permutation_survival,A,7,1318443600,20,2,18,9,9,invalid_mapping,1,0,12,19,unsat,False,300.0,0.511912084,0.092491958,1881,612,81670,334890614,1161,324
permutation_survival,A,7,1318443600,20,2,18,9,9,invalid_mapping,2,8,7,18,unsat,False,300.0,0.504337084,0.215188583,5817,3526,545394,336021284,1161,324
permutation_survival,B1,7,1318443600,20,2,18,9,9,base,,,,,sat,False,300.0,0.482166125,0.127146208,3932,1078,172901,336732894,1160,324
permutation_survival,B1,7,1318443600,20,2,18,9,9,invalid_mapping,0,2,2,14,unsat,False,300.0,0.480092291,0.024716458,0,0,0,336996433,1161,324
permutation_survival,B1,7,1318443600,20,2,18,9,9,invalid_mapping,1,0,12,19,unsat,False,300.0,0.475638375,0.068489000,803,243,19000,337456705,1161,324
permutation_survival,B1,7,1318443600,20,2,18,9,9,invalid_mapping,2,8,7,18,unsat,False,300.0,0.484602000,0.129970541,4478,1239,206693,338169190,1161,324
permutation_survival,B2,7,1318443600,20,2,18,9,9,base,,,,,sat,False,300.0,0.439360041,0.019845875,0,0,15,338373095,1160,162
permutation_survival,B2,7,1318443600,20,2,18,9,9,invalid_mapping,0,2,2,14,unsat,False,300.0,0.431063333,0.005632042,0,0,0,338411105,1161,162
permutation_survival,B2,7,1318443600,20,2,18,9,9,invalid_mapping,1,0,12,19,unsat,False,300.0,0.434636250,0.007500041,0,0,0,338459717,1161,162
permutation_survival,B2,7,1318443600,20,2,18,9,9,invalid_mapping,2,8,7,18,unsat,False,300.0,0.433221417,0.007699542,0,0,0,338509714,1161,162
permutation_survival,C,7,1318443600,20,2,18,9,9,base,,,,,sat,False,300.0,0.224174042,29.816791375,728651,489500,88988376,448470113,800,162
permutation_survival,C,7,1318443600,20,2,18,9,9,invalid_mapping,0,2,2,14,unsat,False,300.0,0.228017458,19.153149792,443469,339334,49205676,512498028,801,162
permutation_survival,C,7,1318443600,20,2,18,9,9,invalid_mapping,1,0,12,19,unsat,False,300.0,0.226906375,24.645139750,716324,438055,68651562,597151974,801,162
permutation_survival,C,7,1318443600,20,2,18,9,9,invalid_mapping,2,8,7,18,unsat,False,300.0,0.233828292,60.123045083,850228,679334,128193272,760018121,801,162
permutation_survival,A,8,568578603,20,2,18,9,9,base,,,,,sat,False,300.0,0.490691125,0.080811333,2058,503,60476,760551051,1160,324
permutation_survival,A,8,568578603,20,2,18,9,9,invalid_mapping,0,17,3,10,unsat,False,300.0,0.489587208,0.011020042,0,0,0,760627414,1161,324
permutation_survival,A,8,568578603,20,2,18,9,9,invalid_mapping,1,13,6,16,unsat,False,300.0,0.548614708,0.028179708,0,0,0,760913370,1161,324
permutation_survival,A,8,568578603,20,2,18,9,9,invalid_mapping,2,11,15,3,unsat,False,300.0,0.494785750,0.078420708,1169,341,35889,761437561,1161,324
permutation_survival,B1,8,568578603,20,2,18,9,9,base,,,,,sat,False,300.0,0.529451500,0.131150708,6361,1605,232733,762205225,1160,324
permutation_survival,B1,8,568578603,20,2,18,9,9,invalid_mapping,0,17,3,10,unsat,False,300.0,0.504819084,0.013082584,0,0,0,762284684,1161,324
permutation_survival,B1,8,568578603,20,2,18,9,9,invalid_mapping,1,13,6,16,unsat,False,300.0,0.505074542,0.026058209,0,0,0,762575946,1161,324
permutation_survival,B1,8,568578603,20,2,18,9,9,invalid_mapping,2,11,15,3,unsat,False,300.0,0.514973709,0.076632584,913,415,60665,763104449,1161,324
permutation_survival,B2,8,568578603,20,2,18,9,9,base,,,,,sat,False,300.0,0.446542125,0.039074417,1,1,240,763544655,1160,162
permutation_survival,B2,8,568578603,20,2,18,9,9,invalid_mapping,0,17,3,10,unsat,False,300.0,0.481820708,0.005594875,0,0,0,763585481,1161,162
permutation_survival,B2,8,568578603,20,2,18,9,9,invalid_mapping,1,13,6,16,unsat,False,300.0,0.456389708,0.006337000,0,0,0,763628431,1161,162
permutation_survival,B2,8,568578603,20,2,18,9,9,invalid_mapping,2,11,15,3,unsat,False,300.0,0.453756375,0.005676000,0,0,0,763669917,1161,162
permutation_survival,C,8,568578603,20,2,18,9,9,base,,,,,sat,False,300.0,0.254174708,0.647670292,26348,12571,1664149,766218382,800,162
permutation_survival,C,8,568578603,20,2,18,9,9,invalid_mapping,0,17,3,10,unsat,False,300.0,0.254660250,1.497222042,54125,28897,3537047,771220014,801,162
permutation_survival,C,8,568578603,20,2,18,9,9,invalid_mapping,1,13,6,16,unsat,False,300.0,0.231012458,0.304056166,18913,7212,785423,772599553,801,162
permutation_survival,C,8,568578603,20,2,18,9,9,invalid_mapping,2,11,15,3,unsat,False,300.0,0.230967750,0.352799459,21786,8864,820725,774063240,801,162
permutation_survival,A,9,710046317,20,2,18,9,9,base,,,,,sat,False,300.0,0.498836542,0.170022541,6560,2378,369355,775000736,1160,324
permutation_survival,A,9,710046317,20,2,18,9,9,invalid_mapping,0,9,10,17,unsat,False,300.0,0.500044209,0.025706708,0,0,0,775265319,1161,324
permutation_survival,A,9,710046317,20,2,18,9,9,invalid_mapping,1,7,3,8,unsat,False,300.0,0.499520542,0.171362333,1988,1454,422545,776218465,1161,324
permutation_survival,A,9,710046317,20,2,18,9,9,invalid_mapping,2,17,0,16,unsat,False,300.0,0.499387083,0.025665375,0,0,0,776483529,1161,324
permutation_survival,B1,9,710046317,20,2,18,9,9,base,,,,,sat,False,300.0,0.488144584,0.094330375,1474,546,116028,777046735,1160,324
permutation_survival,B1,9,710046317,20,2,18,9,9,invalid_mapping,0,9,10,17,unsat,False,300.0,0.484817208,0.023386458,0,0,0,777295497,1161,324
permutation_survival,B1,9,710046317,20,2,18,9,9,invalid_mapping,1,7,3,8,unsat,False,300.0,0.487442250,0.099507167,2553,1010,199571,777924935,1161,324
permutation_survival,B1,9,710046317,20,2,18,9,9,invalid_mapping,2,17,0,16,unsat,False,300.0,0.483519792,0.022752542,0,0,0,778174499,1161,324
permutation_survival,B2,9,710046317,20,2,18,9,9,base,,,,,sat,False,300.0,0.442280417,0.029810042,40,11,762,778494612,1160,162
permutation_survival,B2,9,710046317,20,2,18,9,9,invalid_mapping,0,9,10,17,unsat,False,300.0,0.440542416,0.005204875,0,0,0,778532790,1161,162
permutation_survival,B2,9,710046317,20,2,18,9,9,invalid_mapping,1,7,3,8,unsat,False,300.0,0.449346583,0.005344500,0,0,0,778571250,1161,162
permutation_survival,B2,9,710046317,20,2,18,9,9,invalid_mapping,2,17,0,16,unsat,False,300.0,0.446647958,0.013345750,0,0,0,778687502,1161,162
permutation_survival,C,9,710046317,20,2,18,9,9,base,,,,,sat,False,300.0,0.224478333,0.653294500,26021,10420,1101037,780564753,800,162
permutation_survival,C,9,710046317,20,2,18,9,9,invalid_mapping,0,9,10,17,unsat,False,300.0,0.224765458,0.005965334,0,0,0,780605782,801,162
permutation_survival,C,9,710046317,20,2,18,9,9,invalid_mapping,1,7,3,8,unsat,False,300.0,0.225810084,0.536962583,25795,11698,1172961,782482552,801,162
permutation_survival,C,9,710046317,20,2,18,9,9,invalid_mapping,2,17,0,16,unsat,False,300.0,0.226896500,0.893201084,35131,17315,2338987,785936706,801,162
row_mixing,clean,0,1577075383,14,2,12,6,6,base,,,,,sat,False,300.0,0.162788959,0.087385208,5037,3029,272227,786431352,560,144
row_mixing,mixed,0,1577075383,14,2,12,6,6,base,,,,,sat,False,300.0,0.161304375,0.350448417,10613,7555,1219311,788027247,560,144
row_mixing,clean,1,1468214452,14,2,12,6,6,base,,,,,sat,False,300.0,0.159109500,0.024423000,380,179,18024,788196791,560,144
row_mixing,mixed,1,1468214452,14,2,12,6,6,base,,,,,sat,False,300.0,0.166403458,0.052901459,1671,856,107783,788502590,560,144
row_mixing,clean,2,731009035,14,2,12,6,6,base,,,,,sat,False,300.0,0.158291375,0.022815334,464,155,16159,788667227,560,144
row_mixing,mixed,2,731009035,14,2,12,6,6,base,,,,,sat,False,300.0,0.166488792,0.070687334,2697,1416,176631,789070801,560,144
row_mixing,clean,3,903642801,14,2,12,6,6,base,,,,,sat,False,300.0,0.161484250,0.037940666,1026,518,70596,789311680,560,144
row_mixing,mixed,3,903642801,14,2,12,6,6,base,,,,,sat,False,300.0,0.165679833,0.317453542,11323,7570,1227760,790889512,560,144
row_mixing,clean,4,2071493632,14,2,12,6,6,base,,,,,sat,False,300.0,0.159292083,0.059134000,2879,1412,129039,791214188,560,144
row_mixing,mixed,4,2071493632,14,2,12,6,6,base,,,,,sat,False,300.0,0.204358541,0.541188958,16096,13210,2604149,794276912,560,144
row_mixing,clean,5,659763255,14,2,12,6,6,base,,,,,sat,False,300.0,0.158233708,0.029695583,909,427,38716,794478124,560,144
row_mixing,mixed,5,659763255,14,2,12,6,6,base,,,,,sat,False,300.0,0.160417083,0.165739333,5398,3326,520158,795289917,560,144
row_mixing,clean,6,1284349582,14,2,12,6,6,base,,,,,sat,False,300.0,0.160088500,0.020468750,190,71,5785,795432146,560,144
row_mixing,mixed,6,1284349582,14,2,12,6,6,base,,,,,sat,False,300.0,0.166648750,0.043069750,1085,614,64952,795689114,560,144
row_mixing,clean,7,281769679,14,2,12,6,6,base,,,,,sat,False,300.0,0.161101167,0.031667209,1057,412,43793,795901114,560,144
row_mixing,mixed,7,281769679,14,2,12,6,6,base,,,,,sat,False,300.0,0.167631125,0.066460959,2730,1574,180331,796297665,560,144
row_mixing,clean,8,1980401660,14,2,12,6,6,base,,,,,sat,False,300.0,0.156582375,0.018147500,77,26,2433,796432949,560,144
row_mixing,mixed,8,1980401660,14,2,12,6,6,base,,,,,sat,False,300.0,0.164464375,0.059782000,1926,1402,164263,796788084,560,144
row_mixing,clean,9,935747511,14,2,12,6,6,base,,,,,sat,False,300.0,0.156856416,0.024205917,457,171,16766,796961513,560,144
row_mixing,mixed,9,935747511,14,2,12,6,6,base,,,,,sat,False,300.0,0.160503125,0.047589959,1363,712,96174,797251589,560,144
row_mixing,clean,0,20490234,16,2,14,7,7,base,,,,,sat,False,300.0,0.232811166,0.057174625,2569,924,99767,797607095,736,196
row_mixing,mixed,0,20490234,16,2,14,7,7,base,,,,,sat,False,300.0,0.239482167,0.179644959,6996,3547,593708,798581529,736,196
row_mixing,clean,1,2066795108,16,2,14,7,7,base,,,,,sat,False,300.0,0.236545000,0.043504750,1000,445,52813,798868755,736,196
row_mixing,mixed,1,2066795108,16,2,14,7,7,base,,,,,sat,False,300.0,0.233236750,6.753578541,140820,108603,26099871,828489198,736,196
row_mixing,clean,2,1820350657,16,2,14,7,7,base,,,,,sat,False,300.0,0.230813833,0.040550250,932,359,38508,828753790,736,196
row_mixing,mixed,2,1820350657,16,2,14,7,7,base,,,,,sat,False,300.0,0.241395458,0.208774333,8119,6268,912925,830038064,736,196
row_mixing,clean,3,1080861367,16,2,14,7,7,base,,,,,sat,False,300.0,0.231806000,0.049709208,2207,641,61570,830344419,736,196
row_mixing,mixed,3,1080861367,16,2,14,7,7,base,,,,,sat,False,300.0,0.243323375,0.165746250,6376,3837,504987,831191417,736,196
row_mixing,clean,4,306689285,16,2,14,7,7,base,,,,,sat,False,300.0,0.236889500,0.046213917,1285,458,50226,831480271,736,196
row_mixing,mixed,4,306689285,16,2,14,7,7,base,,,,,sat,False,300.0,0.252676250,0.212136334,7200,4897,760638,832634839,736,196
row_mixing,clean,5,1333194299,16,2,14,7,7,base,,,,,sat,False,300.0,0.230261500,0.036586458,1008,270,30794,832885093,736,196
row_mixing,mixed,5,1333194299,16,2,14,7,7,base,,,,,sat,False,300.0,0.246637333,0.113367542,3690,2346,342633,833538427,736,196
row_mixing,clean,6,661745150,16,2,14,7,7,base,,,,,sat,False,300.0,0.227975459,0.039579750,1175,434,35640,833804480,736,196
row_mixing,mixed,6,661745150,16,2,14,7,7,base,,,,,sat,False,300.0,0.245284292,0.245560916,8337,5342,897463,835096715,736,196
row_mixing,clean,7,559434326,16,2,14,7,7,base,,,,,sat,False,300.0,0.235059542,0.453188250,17012,8513,1295954,836978114,736,196
row_mixing,mixed,7,559434326,16,2,14,7,7,base,,,,,sat,False,300.0,0.244768917,75.092372458,850443,799671,240834718,1092655523,736,196
row_mixing,clean,8,734394819,16,2,14,7,7,base,,,,,sat,False,300.0,0.241609625,0.270100583,11029,5154,616593,1093696389,736,196
row_mixing,mixed,8,734394819,16,2,14,7,7,base,,,,,sat,False,300.0,0.248001250,0.855712875,13962,11519,3064789,1097609191,736,196
row_mixing,clean,9,795491137,16,2,14,7,7,base,,,,,sat,False,300.0,0.233173750,0.152895458,5990,2721,325607,1098279905,736,196
row_mixing,mixed,9,795491137,16,2,14,7,7,base,,,,,sat,False,300.0,0.250727709,4.155037166,99661,84224,20845483,1120650222,736,196
row_mixing,clean,0,744743438,18,2,16,8,8,base,,,,,sat,False,300.0,0.331334375,0.439263209,18289,7214,1045531,1122392529,936,256
row_mixing,mixed,0,744743438,18,2,16,8,8,base,,,,,sat,False,300.0,0.341351458,52.421970458,1011161,815626,213040285,1349843777,936,256
row_mixing,clean,1,660288022,18,2,16,8,8,base,,,,,sat,False,300.0,0.370369292,0.303259292,6005,2796,394862,1350678860,936,256
row_mixing,mixed,1,660288022,18,2,16,8,8,base,,,,,sat,False,300.0,0.340245791,0.379450291,13471,8765,1637392,1352849665,936,256
row_mixing,clean,2,1997554587,18,2,16,8,8,base,,,,,sat,False,300.0,0.333554209,0.397076083,16920,9104,1245574,1354695080,936,256
row_mixing,mixed,2,1997554587,18,2,16,8,8,base,,,,,sat,False,300.0,0.338389791,34.694273250,711414,592735,155709716,1522456640,936,256
row_mixing,clean,3,127108252,18,2,16,8,8,base,,,,,sat,False,300.0,0.329409416,0.191754958,8263,3954,627803,1523511794,936,256
row_mixing,mixed,3,127108252,18,2,16,8,8,base,,,,,sat,False,300.0,0.355544291,38.857481750,562564,476731,156254869,1692156792,936,256
row_mixing,clean,4,1857963596,18,2,16,8,8,base,,,,,sat,False,300.0,0.337230917,4.089265167,132965,84575,13881704,1708876358,936,256
row_mixing,mixed,4,1857963596,18,2,16,8,8,base,,,,,unknown,True,300.0,0.341546500,300.030214709,1331896,1273952,464689734,2226019004,616,256
row_mixing,clean,5,1742299496,18,2,16,8,8,base,,,,,sat,False,300.0,0.332282250,0.128158041,5424,2482,344292,2226749996,936,256
row_mixing,mixed,5,1742299496,18,2,16,8,8,base,,,,,unknown,True,300.0,0.351241125,300.031203833,1798397,1690773,611227530,2910153125,648,256
row_mixing,clean,6,355192816,18,2,16,8,8,base,,,,,sat,False,300.0,0.340370625,0.061720416,1978,617,74442,2910551940,936,256
row_mixing,mixed,6,355192816,18,2,16,8,8,base,,,,,sat,False,300.0,0.349019541,0.478743584,19965,15374,2220050,2913335758,936,256
row_mixing,clean,7,1153739895,18,2,16,8,8,base,,,,,sat,False,300.0,0.333133000,0.145940833,8377,3122,374746,2914148042,936,256
row_mixing,mixed,7,1153739895,18,2,16,8,8,base,,,,,sat,False,300.0,0.354155458,136.933605958,1887837,1648219,566791520,3518667310,936,256
row_mixing,clean,8,720867645,18,2,16,8,8,base,,,,,sat,False,300.0,0.358350292,0.299199667,15731,6939,827085,3520068902,936,256
row_mixing,mixed,8,720867645,18,2,16,8,8,base,,,,,unknown,True,300.0,0.352740375,300.032572625,2781838,2534373,980277189,4579492786,712,256
row_mixing,clean,9,1946689124,18,2,16,8,8,base,,,,,sat,False,300.0,0.433408833,0.110468458,3855,1658,216801,4580062138,936,256
row_mixing,mixed,9,1946689124,18,2,16,8,8,base,,,,,sat,False,300.0,0.400673167,238.644529833,2480685,2320054,836159248,5474046375,936,256
