experiment,condition,sample,seed,n,k,r,rx,rz,measurement,probe,result,timed_out,timeout_seconds,build_seconds,solve_seconds,decisions,conflicts,propagations,rlimit_count,assertions,row_operation_variables
rank_sweep,general,0,1480751712,14,4,10,,,base,,sat,False,300.0,0.081055250,0.031621417,1043,611,70560,238733,504,100
rank_sweep,general,1,265604076,14,4,10,,,base,,sat,False,300.0,0.054417000,0.007612500,305,97,8957,353693,504,100
rank_sweep,general,2,839732054,14,4,10,,,base,,sat,False,300.0,0.056455167,0.009085583,361,138,10354,501257,504,100
rank_sweep,general,3,2057288884,14,4,10,,,base,,sat,False,300.0,0.072610125,0.016128208,1344,630,57049,720531,504,100
rank_sweep,general,4,1722806092,14,4,10,,,base,,sat,False,300.0,0.054698792,0.008541958,94,17,1500,849385,504,100
rank_sweep,general,5,840307513,14,4,10,,,base,,sat,False,300.0,0.055598167,0.007237125,75,29,2437,984402,504,100
rank_sweep,general,6,1459932343,14,4,10,,,base,,sat,False,300.0,0.057363125,0.009151125,106,33,3564,1121426,504,100
rank_sweep,general,7,60231517,14,4,10,,,base,,sat,False,300.0,0.057217791,0.010148459,197,97,10317,1273528,504,100
rank_sweep,general,8,1311742254,14,4,10,,,base,,sat,False,300.0,0.057680500,0.008720459,147,45,3055,1408802,504,100
rank_sweep,general,9,230171062,14,4,10,,,base,,sat,False,300.0,0.055849083,0.008926625,116,41,4342,1546752,504,100
rank_sweep,css,0,892005975,14,4,10,0,10,base,,sat,False,300.0,0.031188125,0.578319250,65559,39079,3098243,6108842,364,100
rank_sweep,css,1,384482440,14,4,10,0,10,base,,sat,False,300.0,0.032062458,0.726586875,66007,42403,3579964,10975262,364,100
rank_sweep,css,2,1922548075,14,4,10,0,10,base,,sat,False,300.0,0.030008792,0.496762542,51319,32913,2213690,14227367,364,100
rank_sweep,css,3,1853903855,14,4,10,0,10,base,,sat,False,300.0,0.030485542,0.132574583,20207,10887,594228,15314209,364,100
rank_sweep,css,4,2031851556,14,4,10,0,10,base,,sat,False,300.0,0.029990208,0.287331708,44622,24645,1485111,17819768,364,100
rank_sweep,css,5,1132225316,14,4,10,0,10,base,,sat,False,300.0,0.033361250,0.963180166,90280,58366,4857076,24597339,364,100
rank_sweep,css,6,1057031459,14,4,10,0,10,base,,sat,False,300.0,0.032125291,0.202401250,28765,15009,933725,26222361,364,100
rank_sweep,css,7,1437475356,14,4,10,0,10,base,,sat,False,300.0,0.031473791,1.395437916,150825,91904,7854734,37271925,364,100
rank_sweep,css,8,83071840,14,4,10,0,10,base,,sat,False,300.0,0.031441250,14.995458667,1046346,826600,66270206,125285929,364,100
rank_sweep,css,9,1541645539,14,4,10,0,10,base,,sat,False,300.0,0.031630875,4.067514458,316117,217255,20595491,151893074,364,100
rank_sweep,css,0,180723360,14,4,10,1,9,base,,sat,False,300.0,0.031304583,0.019534958,3246,1903,100090,152161401,364,82
rank_sweep,css,1,287196987,14,4,10,1,9,base,,sat,False,300.0,0.030322416,0.005687625,297,156,7053,152283614,364,82
rank_sweep,css,2,607170489,14,4,10,1,9,base,,sat,False,300.0,0.030511291,0.014303334,1839,1034,75685,152504294,364,82
rank_sweep,css,3,32789824,14,4,10,1,9,base,,sat,False,300.0,0.029905208,0.016064333,1728,1127,105795,152752286,364,82
rank_sweep,css,4,1821029800,14,4,10,1,9,base,,sat,False,300.0,0.030104375,0.006446708,321,160,10456,152882449,364,82
rank_sweep,css,5,1943403852,14,4,10,1,9,base,,sat,False,300.0,0.030642167,0.037183958,5056,2858,211775,153301623,364,82
rank_sweep,css,6,365391570,14,4,10,1,9,base,,sat,False,300.0,0.031061583,0.028869375,3388,2398,195292,153669661,364,82
rank_sweep,css,7,1180377719,14,4,10,1,9,base,,sat,False,300.0,0.031448417,0.089868750,11965,7352,560546,154595582,364,82
rank_sweep,css,8,579721144,14,4,10,1,9,base,,sat,False,300.0,0.030001000,0.022584292,3264,2121,128341,154892234,364,82
rank_sweep,css,9,816776670,14,4,10,1,9,base,,sat,False,300.0,0.031224000,0.011352041,1240,806,53017,155085080,364,82
rank_sweep,css,0,1641740807,14,4,10,2,8,base,,sat,False,300.0,0.029381417,0.008193667,529,325,25071,155239442,364,68
rank_sweep,css,1,671973916,14,4,10,2,8,base,,sat,False,300.0,0.028969458,0.005158875,138,78,2997,155374810,364,68
rank_sweep,css,2,377337153,14,4,10,2,8,base,,sat,False,300.0,0.029638917,0.005619000,175,68,4807,155504963,364,68
rank_sweep,css,3,1852815598,14,4,10,2,8,base,,sat,False,300.0,0.030164875,0.009182333,843,391,28256,155683381,364,68
rank_sweep,css,4,91087086,14,4,10,2,8,base,,sat,False,300.0,0.030315791,0.005496417,163,63,3590,155819776,364,68
rank_sweep,css,5,246325316,14,4,10,2,8,base,,sat,False,300.0,0.030190667,0.007796291,516,304,19762,155974442,364,68
rank_sweep,css,6,1566422354,14,4,10,2,8,base,,sat,False,300.0,0.029143250,0.005180125,93,45,3241,156117871,364,68
rank_sweep,css,7,329715958,14,4,10,2,8,base,,sat,False,300.0,0.029552458,0.004646708,73,21,1373,156238651,364,68
rank_sweep,css,8,414377912,14,4,10,2,8,base,,sat,False,300.0,0.030234959,0.013888000,1282,830,68839,156467879,364,68
rank_sweep,css,9,1168167629,14,4,10,2,8,base,,sat,False,300.0,0.029714583,0.006174542,520,220,10531,156609093,364,68
rank_sweep,css,0,1077749168,14,4,10,5,5,base,,sat,False,300.0,0.028584292,0.005037375,80,18,950,156737539,364,50
rank_sweep,css,1,1720713488,14,4,10,5,5,base,,sat,False,300.0,0.029313958,0.005220833,51,10,748,156888415,364,50
rank_sweep,css,2,1717844142,14,4,10,5,5,base,,sat,False,300.0,0.028668625,0.006142500,297,144,8282,157050364,364,50
rank_sweep,css,3,1326030818,14,4,10,5,5,base,,sat,False,300.0,0.028887958,0.005330458,61,32,1393,157203685,364,50
rank_sweep,css,4,1701365734,14,4,10,5,5,base,,sat,False,300.0,0.029424459,0.006057166,205,87,5897,157357192,364,50
rank_sweep,css,5,1617391961,14,4,10,5,5,base,,sat,False,300.0,0.028097375,0.005362709,22,5,442,157516920,364,50
rank_sweep,css,6,768362021,14,4,10,5,5,base,,sat,False,300.0,0.028646458,0.005991500,347,93,5094,157684555,364,50
rank_sweep,css,7,2112458085,14,4,10,5,5,base,,sat,False,300.0,0.029730791,0.006110458,265,95,5857,157846352,364,50
rank_sweep,css,8,1493743098,14,4,10,5,5,base,,sat,False,300.0,0.028883958,0.005989583,298,136,6608,158017438,364,50
rank_sweep,css,9,592601534,14,4,10,5,5,base,,sat,False,300.0,0.028552417,0.005665167,159,81,3907,158169062,364,50
rank_sweep,css,0,201101383,14,4,10,8,2,base,,sat,False,300.0,0.030031458,0.006762667,417,185,12617,158341526,364,68
rank_sweep,css,1,59379640,14,4,10,8,2,base,,sat,False,300.0,0.030254750,0.007520625,687,322,18713,158502329,364,68
rank_sweep,css,2,1104906118,14,4,10,8,2,base,,sat,False,300.0,0.040687625,0.005423916,104,32,3632,158637106,364,68
rank_sweep,css,3,652416270,14,4,10,8,2,base,,sat,False,300.0,0.029281708,0.005391333,154,71,5708,158768205,364,68
rank_sweep,css,4,1736444997,14,4,10,8,2,base,,sat,False,300.0,0.029613500,0.007680791,514,237,18701,158928574,364,68
rank_sweep,css,5,1430674966,14,4,10,8,2,base,,sat,False,300.0,0.029579833,0.005678708,424,207,9508,159064394,364,68
rank_sweep,css,6,658155939,14,4,10,8,2,base,,sat,False,300.0,0.029375791,0.004923000,114,52,2445,159189935,364,68
rank_sweep,css,7,731840751,14,4,10,8,2,base,,sat,False,300.0,0.029339833,0.006977708,552,327,20120,159340563,364,68
rank_sweep,css,8,88457226,14,4,10,8,2,base,,sat,False,300.0,0.029249666,0.012360208,1074,672,56291,159548440,364,68
rank_sweep,css,9,883266900,14,4,10,8,2,base,,sat,False,300.0,0.028695875,0.006354291,299,160,10851,159690423,364,68
rank_sweep,css,0,1142273759,14,4,10,9,1,base,,sat,False,300.0,0.030443083,0.031669917,4001,2725,204704,160094056,364,82
rank_sweep,css,1,1939429038,14,4,10,9,1,base,,sat,False,300.0,0.029727500,0.014918625,2349,1325,66870,160313840,364,82
rank_sweep,css,2,1503554334,14,4,10,9,1,base,,sat,False,300.0,0.030600166,0.041213917,5085,3361,252769,160784879,364,82
rank_sweep,css,3,2081658811,14,4,10,9,1,base,,sat,False,300.0,0.029946500,0.063118375,7452,5117,397976,161429046,364,82
rank_sweep,css,4,207538373,14,4,10,9,1,base,,sat,False,300.0,0.029867709,0.164927208,17165,12235,1211743,163133890,364,82
rank_sweep,css,5,253026472,14,4,10,9,1,base,,sat,False,300.0,0.030949875,0.025474084,3973,2578,154102,163468061,364,82
rank_sweep,css,6,62851141,14,4,10,9,1,base,,sat,False,300.0,0.029991875,0.132498208,12916,9724,868005,164678876,364,82
rank_sweep,css,7,1891885888,14,4,10,9,1,base,,sat,False,300.0,0.030190709,0.026148917,3559,2282,158845,165013655,364,82
rank_sweep,css,8,1128313373,14,4,10,9,1,base,,sat,False,300.0,0.030727750,0.035516958,4984,3119,190188,165418388,364,82
rank_sweep,css,9,72636427,14,4,10,9,1,base,,sat,False,300.0,0.030704042,0.017311458,2298,1398,94718,165668247,364,82
rank_sweep,css,0,1664934991,14,4,10,10,0,base,,sat,False,300.0,0.031208167,0.942190583,87336,55422,4687884,172547640,364,100
rank_sweep,css,1,877831317,14,4,10,10,0,base,,sat,False,300.0,0.032890666,5.535425083,431402,300047,29050593,209907316,364,100
rank_sweep,css,2,453168035,14,4,10,10,0,base,,sat,False,300.0,0.032215750,1.929134333,171971,117755,9436381,223739650,364,100
rank_sweep,css,3,622165371,14,4,10,10,0,base,,sat,False,300.0,0.033277375,0.644408083,72276,46366,3027983,228041859,364,100
rank_sweep,css,4,1126332313,14,4,10,10,0,base,,sat,False,300.0,0.036982166,0.896615417,102076,58883,4379506,234366900,364,100
rank_sweep,css,5,228445557,14,4,10,10,0,base,,sat,False,300.0,0.031780291,3.246210708,312907,206043,16207353,257784823,364,100
rank_sweep,css,6,343090532,14,4,10,10,0,base,,sat,False,300.0,0.031472000,7.595590167,682282,469177,36908059,306573262,364,100
rank_sweep,css,7,986641127,14,4,10,10,0,base,,sat,False,300.0,0.031748292,4.266249834,345007,243763,20031691,333284475,364,100
rank_sweep,css,8,1614514517,14,4,10,10,0,base,,sat,False,300.0,0.032463375,0.545714083,60169,34725,2801237,337459042,364,100
rank_sweep,css,9,1658653346,14,4,10,10,0,base,,sat,False,300.0,0.032496500,0.583253166,73527,39843,2391672,341273918,364,100
rank_sweep,general,0,1807686679,16,4,12,,,base,,sat,False,300.0,0.087712250,0.013570625,190,95,9008,341519563,672,144
rank_sweep,general,1,1546085332,16,4,12,,,base,,sat,False,300.0,0.088348416,0.016864625,647,219,21801,341755528,672,144
rank_sweep,general,2,1032120812,16,4,12,,,base,,sat,False,300.0,0.086959292,0.011737083,240,57,4681,341935412,672,144
rank_sweep,general,3,2075307226,16,4,12,,,base,,sat,False,300.0,0.089813666,0.017282791,654,211,18472,342197166,672,144
rank_sweep,general,4,793436691,16,4,12,,,base,,sat,False,300.0,0.096943041,0.016084375,672,306,40379,342435015,672,144
rank_sweep,general,5,779225346,16,4,12,,,base,,sat,False,300.0,0.087290084,0.020393041,1189,504,54122,342713316,672,144
rank_sweep,general,6,1016688605,16,4,12,,,base,,sat,False,300.0,0.087276750,0.014960833,730,225,18315,342933869,672,144
rank_sweep,general,7,1566034017,16,4,12,,,base,,sat,False,300.0,0.086499875,0.015033875,376,108,14755,343154960,672,144
rank_sweep,general,8,905619664,16,4,12,,,base,,sat,False,300.0,0.089068542,0.014995625,439,145,15776,343383535,672,144
rank_sweep,general,9,1437250305,16,4,12,,,base,,sat,False,300.0,0.088041875,0.018886625,1390,541,52428,343642809,672,144
rank_sweep,css,0,1059524960,16,4,12,0,12,base,,sat,False,300.0,0.048402667,19.074734625,1328902,936055,92428552,461635151,480,144
rank_sweep,css,1,1242246457,16,4,12,0,12,base,,sat,False,300.0,0.047444333,18.314464084,1144845,865924,100517260,580378919,480,144
rank_sweep,css,2,1412547464,16,4,12,0,12,base,,sat,False,300.0,0.048426583,26.776852000,1707481,1253939,135866681,745585593,480,144
rank_sweep,css,3,858712063,16,4,12,0,12,base,,sat,False,300.0,0.049230500,8.171122375,635914,441213,41878918,800158965,480,144
rank_sweep,css,4,155635839,16,4,12,0,12,base,,sat,False,300.0,0.048522000,201.401141541,10483100,8240145,998573356,1935648502,480,144
rank_sweep,css,5,308518277,16,4,12,0,12,base,,sat,False,300.0,0.047706167,6.232727166,572144,389101,30510086,1978335948,480,144
rank_sweep,css,6,110613046,16,4,12,0,12,base,,sat,False,300.0,0.046883167,43.792198917,1666096,1274752,147057644,2153421424,480,144
rank_sweep,css,7,124845067,16,4,12,0,12,base,,sat,False,300.0,0.094111875,41.574456416,1216391,974517,111525408,2283243330,480,144
rank_sweep,css,8,1203045756,16,4,12,0,12,base,,sat,False,300.0,0.089732666,36.529253000,1400316,948414,103413211,2411126897,480,144
rank_sweep,css,9,354260727,16,4,12,0,12,base,,sat,False,300.0,0.094218792,6.458820042,316139,185561,17054087,2434727485,480,144
rank_sweep,css,0,1544132086,16,4,12,1,11,base,,sat,False,300.0,0.112017792,0.783398667,34329,26164,2938251,2438598152,480,122
rank_sweep,css,1,402505490,16,4,12,1,11,base,,sat,False,300.0,0.087329083,0.891836416,35464,27295,3101935,2442624698,480,122
rank_sweep,css,2,553030419,16,4,12,1,11,base,,sat,False,300.0,0.086471084,0.852348417,40644,29468,2788315,2446355436,480,122
rank_sweep,css,3,2089982357,16,4,12,1,11,base,,sat,False,300.0,0.088257625,1.509325917,59577,45858,5300499,2453012241,480,122
rank_sweep,css,4,1669713543,16,4,12,1,11,base,,sat,False,300.0,0.096412375,0.065404833,5269,2812,187802,2453462739,480,122
rank_sweep,css,5,950657301,16,4,12,1,11,base,,sat,False,300.0,0.086985833,0.485135750,22932,17928,1830577,2455861897,480,122
rank_sweep,css,6,844378996,16,4,12,1,11,base,,sat,False,300.0,0.086858541,5.718530250,218338,180226,21234043,2480651220,480,122
rank_sweep,css,7,1371005196,16,4,12,1,11,base,,sat,False,300.0,0.088533541,1.344595083,47938,39995,5716338,2487587715,480,122
rank_sweep,css,8,995882239,16,4,12,1,11,base,,sat,False,300.0,0.093965208,0.166400500,10938,7286,548105,2488471652,480,122
rank_sweep,css,9,1673373079,16,4,12,1,11,base,,sat,False,300.0,0.087381583,1.924186583,70999,56652,7131936,2496938821,480,122
rank_sweep,css,0,95541434,16,4,12,2,10,base,,sat,False,300.0,0.085927667,0.224995000,11621,8098,654517,2497935510,480,104
rank_sweep,css,1,1201897401,16,4,12,2,10,base,,sat,False,300.0,0.085403083,0.022769000,1340,513,33052,2498179828,480,104
rank_sweep,css,2,1418872459,16,4,12,2,10,base,,sat,False,300.0,0.084136167,0.037864667,2058,1094,87810,2498488833,480,104
rank_sweep,css,3,308840529,16,4,12,2,10,base,,sat,False,300.0,0.083188125,0.020610500,700,368,30805,2498720466,480,104
rank_sweep,css,4,1886688085,16,4,12,2,10,base,,sat,False,300.0,0.083079167,0.026822583,1322,722,47609,2498952364,480,104
rank_sweep,css,5,1799597275,16,4,12,2,10,base,,sat,False,300.0,0.086440291,0.024921500,1219,540,39528,2499188984,480,104
rank_sweep,css,6,873661925,16,4,12,2,10,base,,sat,False,300.0,0.085421042,0.174402584,7155,5050,632357,2500177056,480,104
rank_sweep,css,7,807792523,16,4,12,2,10,base,,sat,False,300.0,0.085146917,0.055123833,3115,2001,150848,2500596560,480,104
rank_sweep,css,8,523392816,16,4,12,2,10,base,,sat,False,300.0,0.084870458,0.028574959,1264,651,52739,2500871501,480,104
rank_sweep,css,9,436290487,16,4,12,2,10,base,,sat,False,300.0,0.085217541,0.029730792,1679,862,62363,2501146866,480,104
rank_sweep,css,0,707960417,16,4,12,6,6,base,,sat,False,300.0,0.079163959,0.014938667,108,46,2414,2501326507,480,72
rank_sweep,css,1,1464622814,16,4,12,6,6,base,,sat,False,300.0,0.080012792,0.020876125,645,272,25060,2501600037,480,72
rank_sweep,css,2,18133989,16,4,12,6,6,base,,sat,False,300.0,0.082504625,0.018935208,752,274,17966,2501873104,480,72
rank_sweep,css,3,1763998649,16,4,12,6,6,base,,sat,False,300.0,0.080599375,0.040565958,3403,1243,84126,2502238082,480,72
rank_sweep,css,4,1766872960,16,4,12,6,6,base,,sat,False,300.0,0.082827333,0.014454917,303,83,6759,2502498640,480,72
rank_sweep,css,5,2009959061,16,4,12,6,6,base,,sat,False,300.0,0.083666042,0.016162875,385,77,8441,2502731601,480,72
rank_sweep,css,6,1496834143,16,4,12,6,6,base,,sat,False,300.0,0.082237917,0.014467291,223,76,4189,2502952491,480,72
rank_sweep,css,7,1046510209,16,4,12,6,6,base,,sat,False,300.0,0.080480500,0.015296875,274,85,7106,2503187732,480,72
rank_sweep,css,8,1105436834,16,4,12,6,6,base,,sat,False,300.0,0.082444083,0.019773917,585,261,20572,2503449783,480,72
rank_sweep,css,9,1749483183,16,4,12,6,6,base,,sat,False,300.0,0.081286709,0.016272791,535,163,9988,2503730762,480,72
rank_sweep,css,0,381277384,16,4,12,10,2,base,,sat,False,300.0,0.084656792,0.076572708,4636,3071,245829,2504275050,480,104
rank_sweep,css,1,1039276809,16,4,12,10,2,base,,sat,False,300.0,0.084695417,0.095275292,4553,3102,331320,2504903042,480,104
rank_sweep,css,2,1968939174,16,4,12,10,2,base,,sat,False,300.0,0.085111750,0.033664500,1962,1061,78888,2505181340,480,104
rank_sweep,css,3,784818287,16,4,12,10,2,base,,sat,False,300.0,0.082582625,0.038174875,1902,1047,90151,2505482468,480,104
rank_sweep,css,4,2056869659,16,4,12,10,2,base,,sat,False,300.0,0.086488250,0.068338584,4122,2673,209841,2505938543,480,104
rank_sweep,css,5,388315737,16,4,12,10,2,base,,sat,False,300.0,0.085087125,0.111667541,5899,3705,375980,2506621207,480,104
rank_sweep,css,6,1713435598,16,4,12,10,2,base,,sat,False,300.0,0.084945916,0.108147000,6261,4017,339651,2507259125,480,104
rank_sweep,css,7,1929282339,16,4,12,10,2,base,,sat,False,300.0,0.085261292,0.077874792,4697,3020,201729,2507747602,480,104
rank_sweep,css,8,45569779,16,4,12,10,2,base,,sat,False,300.0,0.084458042,0.022249917,857,555,39817,2507976128,480,104
rank_sweep,css,9,793748043,16,4,12,10,2,base,,sat,False,300.0,0.099717167,0.023443167,1193,581,37695,2508195011,480,104
rank_sweep,css,0,1771221980,16,4,12,11,1,base,,sat,False,300.0,0.087186125,0.516544334,26218,20708,2017447,2510814931,480,122
rank_sweep,css,1,885305438,16,4,12,11,1,base,,sat,False,300.0,0.089274875,0.299395291,17773,13154,1179187,2512422745,480,122
rank_sweep,css,2,728123796,16,4,12,11,1,base,,sat,False,300.0,0.090198375,3.291990167,119287,103319,13466055,2528341952,480,122
rank_sweep,css,3,776132767,16,4,12,11,1,base,,sat,False,300.0,0.088019291,0.259137250,12165,8455,627987,2529325173,480,122
rank_sweep,css,4,111540929,16,4,12,11,1,base,,sat,False,300.0,0.087876375,5.676802042,175101,134207,16296923,2549885113,480,122
rank_sweep,css,5,2018677027,16,4,12,11,1,base,,sat,False,300.0,0.093080542,0.350094625,20413,14942,1521183,2551902964,480,122
rank_sweep,css,6,1597841729,16,4,12,11,1,base,,sat,False,300.0,0.089688000,1.196143792,48579,38990,4187625,2557094545,480,122
rank_sweep,css,7,74311262,16,4,12,11,1,base,,sat,False,300.0,0.087442709,1.626929459,65707,51495,5686988,2564308746,480,122
rank_sweep,css,8,2089697133,16,4,12,11,1,base,,sat,False,300.0,0.088534167,2.781865500,92170,78307,10303112,2576305784,480,122
rank_sweep,css,9,2101940533,16,4,12,11,1,base,,sat,False,300.0,0.090988625,2.680820667,93429,80343,10850545,2589012857,480,122
rank_sweep,css,0,1464424878,16,4,12,12,0,base,,sat,False,300.0,0.091762792,14.651985875,601035,402285,39621199,2639604756,480,144
rank_sweep,css,1,230185943,16,4,12,12,0,base,,sat,False,300.0,0.093078166,10.365444125,372991,281299,30328421,2675729338,480,144
rank_sweep,css,2,440465667,16,4,12,12,0,base,,sat,False,300.0,0.098012666,36.749500083,1423102,1007098,102382210,2802882524,480,144
rank_sweep,css,3,2127173783,16,4,12,12,0,base,,sat,False,300.0,0.086922083,12.569694959,571197,364008,37614465,2852385759,480,144
rank_sweep,css,4,620465617,16,4,12,12,0,base,,sat,False,300.0,0.090918709,284.817719041,8288439,6107311,738735912,3704500140,480,144
rank_sweep,css,5,1523085600,16,4,12,12,0,base,,sat,False,300.0,0.090746208,26.951177708,1034967,694963,74483897,3797672181,480,144
rank_sweep,css,6,205276163,16,4,12,12,0,base,,unknown,True,300.0,0.090100916,300.018088834,7967404,6134703,803049110,4700431202,360,144
rank_sweep,css,7,1616919165,16,4,12,12,0,base,,sat,False,300.0,0.091002916,21.968841459,797213,527571,62354671,4777159125,480,144
rank_sweep,css,8,435011094,16,4,12,12,0,base,,sat,False,300.0,0.092755584,9.185161750,427539,281435,25483769,4810901019,480,144
rank_sweep,css,9,1610565191,16,4,12,12,0,base,,sat,False,300.0,0.093855042,107.488605416,3344054,2515552,323971097,5190046333,480,144
rank_sweep,general,0,1888752420,18,4,14,,,base,,sat,False,300.0,0.241807000,0.043137500,643,175,22498,5190444372,864,196
rank_sweep,general,1,815827891,18,4,14,,,base,,sat,False,300.0,0.242112750,0.041516125,737,262,32272,5190753730,864,196
rank_sweep,general,2,1224620771,18,4,14,,,base,,sat,False,300.0,0.243069708,0.068431541,1909,979,122518,5191218541,864,196
rank_sweep,general,3,864770272,18,4,14,,,base,,sat,False,300.0,0.246333083,0.043322333,717,192,29953,5191556689,864,196
rank_sweep,general,4,1590714862,18,4,14,,,base,,sat,False,300.0,0.243947125,0.044375375,519,135,17082,5191896331,864,196
rank_sweep,general,5,235835399,18,4,14,,,base,,sat,False,300.0,0.247216583,0.045010000,706,231,28053,5192280673,864,196
rank_sweep,general,6,740451760,18,4,14,,,base,,sat,False,300.0,0.249344000,0.056661708,1511,809,86555,5192675673,864,196
rank_sweep,general,7,1393059904,18,4,14,,,base,,sat,False,300.0,0.253389542,0.246735708,5362,3041,736645,5193948270,864,196
rank_sweep,general,8,220308962,18,4,14,,,base,,sat,False,300.0,0.235059084,0.099882958,3550,1509,223027,5194542753,864,196
rank_sweep,general,9,675707954,18,4,14,,,base,,sat,False,300.0,0.244269208,0.045440000,827,243,23648,5194889083,864,196
rank_sweep,css,0,292387742,18,4,14,0,14,base,,sat,False,300.0,0.130226625,112.238395541,2449701,1979946,250708699,5478215531,612,196
rank_sweep,css,1,1981967122,18,4,14,0,14,base,,unknown,True,300.0,0.132536458,300.012674292,7489848,5876903,780002808,6346812142,528,196
rank_sweep,css,2,1049108972,18,4,14,0,14,base,,unknown,True,300.0,0.130371042,300.016733541,7652371,6234665,808405845,7253390531,472,196
rank_sweep,css,3,1306658309,18,4,14,0,14,base,,unknown,True,300.0,0.131681292,300.014526542,7029048,6039792,847230617,8170680858,486,196
rank_sweep,css,4,1623405161,18,4,14,0,14,base,,unknown,True,300.0,0.130619667,300.016378584,6704174,5576915,848959148,9097175597,514,196
rank_sweep,css,5,19250980,18,4,14,0,14,base,,sat,False,300.0,0.134439541,299.124554500,7071944,5670758,832701667,10009823945,612,196
rank_sweep,css,6,542304518,18,4,14,0,14,base,,unknown,True,300.0,0.129696958,300.009750042,7224673,5862702,718436926,10815172418,472,196
rank_sweep,css,7,172345326,18,4,14,0,14,base,,unknown,True,300.0,0.128548209,300.019593667,8194976,6142170,702893777,11636503575,458,196
rank_sweep,css,8,605564442,18,4,14,0,14,base,,unknown,True,300.0,0.130972709,300.006628625,6957833,5730133,779973685,12494346360,514,196
rank_sweep,css,9,1549288112,18,4,14,0,14,base,,unknown,True,300.0,0.148158416,300.022306542,5706067,4890979,818930844,13379506609,486,196
rank_sweep,css,0,2040190479,18,4,14,1,13,base,,sat,False,300.0,0.131277750,68.965794834,1943682,1633694,250872868,13657794338,612,170
rank_sweep,css,1,1373332675,18,4,14,1,13,base,,sat,False,300.0,0.127083542,26.982305333,842940,702749,95111530,13764393369,612,170
rank_sweep,css,2,1120632831,18,4,14,1,13,base,,sat,False,300.0,0.125883375,23.231425000,674752,565141,83849553,13857255001,612,170
rank_sweep,css,3,385618756,18,4,14,1,13,base,,sat,False,300.0,0.130679167,45.358063583,1267336,1094538,178792567,14052532610,612,170
rank_sweep,css,4,1452812752,18,4,14,1,13,base,,sat,False,300.0,0.123278667,3.736056583,144833,119347,13507302,14068197494,612,170
rank_sweep,css,5,619855401,18,4,14,1,13,base,,sat,False,300.0,0.128299708,177.116848250,2526378,2236367,409462321,14533960944,612,170
rank_sweep,css,6,428087575,18,4,14,1,13,base,,sat,False,300.0,0.126944709,97.797631709,2509439,2178071,349903919,14922427789,612,170
rank_sweep,css,7,539713499,18,4,14,1,13,base,,sat,False,300.0,0.066240750,3.644321250,270305,211762,25299903,14952014130,612,170
rank_sweep,css,8,669906934,18,4,14,1,13,base,,sat,False,300.0,0.064182916,4.498829000,286828,243554,33648776,14990354660,612,170
rank_sweep,css,9,1547424671,18,4,14,1,13,base,,sat,False,300.0,0.076303791,3.389335334,244157,197053,23838372,15018410385,612,170
rank_sweep,css,0,1719294575,18,4,14,2,12,base,,sat,False,300.0,0.064477750,0.206006708,19437,13359,1331423,15020337330,612,148
rank_sweep,css,1,1483584061,18,4,14,2,12,base,,sat,False,300.0,0.063619417,0.841138417,55675,49072,7843817,15029118683,612,148
rank_sweep,css,2,1296662568,18,4,14,2,12,base,,sat,False,300.0,0.063144500,0.246350875,26464,20961,1937386,15031651251,612,148
rank_sweep,css,3,626617145,18,4,14,2,12,base,,sat,False,300.0,0.063328083,0.741311167,56899,45738,5025825,15037687451,612,148
rank_sweep,css,4,1979148798,18,4,14,2,12,base,,sat,False,300.0,0.064699792,0.080914875,8350,6051,561039,15038614179,612,148
rank_sweep,css,5,1721719169,18,4,14,2,12,base,,sat,False,300.0,0.064304583,0.032363459,4970,2714,194051,15039131468,612,148
rank_sweep,css,6,176961033,18,4,14,2,12,base,,sat,False,300.0,0.061619291,0.037067583,4072,2021,198499,15039643813,612,148
rank_sweep,css,7,1254594651,18,4,14,2,12,base,,sat,False,300.0,0.062304375,0.114148833,12227,7574,796122,15040894461,612,148
rank_sweep,css,8,1979150906,18,4,14,2,12,base,,sat,False,300.0,0.063461542,0.110408250,12281,8779,856464,15042171322,612,148
rank_sweep,css,9,1624900173,18,4,14,2,12,base,,sat,False,300.0,0.065270167,0.170113792,15731,11999,1335668,15044019050,612,148
rank_sweep,css,0,1259674197,18,4,14,7,7,base,,sat,False,300.0,0.062054709,0.012107000,507,174,13246,15044287424,612,98
rank_sweep,css,1,120462351,18,4,14,7,7,base,,sat,False,300.0,0.059943042,0.029979125,3803,1717,130785,15045018596,612,98
rank_sweep,css,2,1392771177,18,4,14,7,7,base,,sat,False,300.0,0.061862792,0.010851292,499,104,8781,15045581914,612,98
rank_sweep,css,3,1967172732,18,4,14,7,7,base,,sat,False,300.0,0.060769958,0.015533042,999,403,30578,15045958484,612,98
rank_sweep,css,4,2118226355,18,4,14,7,7,base,,sat,False,300.0,0.059561416,0.025973791,3595,1538,102928,15046623621,612,98
rank_sweep,css,5,73525171,18,4,14,7,7,base,,sat,False,300.0,0.060511375,0.022722333,3111,1173,85140,15047163695,612,98
rank_sweep,css,6,1418801490,18,4,14,7,7,base,,sat,False,300.0,0.060237125,0.122495916,16160,8702,700228,15048599539,612,98
rank_sweep,css,7,1311941895,18,4,14,7,7,base,,sat,False,300.0,0.059587708,0.015739792,1516,678,38638,15049140459,612,98
rank_sweep,css,8,1809079194,18,4,14,7,7,base,,sat,False,300.0,0.058398250,0.014238417,806,319,26386,15049538564,612,98
rank_sweep,css,9,2016830087,18,4,14,7,7,base,,sat,False,300.0,0.060487167,0.011930375,400,167,11574,15049880271,612,98
rank_sweep,css,0,1848727416,18,4,14,12,2,base,,sat,False,300.0,0.064257083,0.086531250,9534,6003,566839,15050965160,612,148
rank_sweep,css,1,2079904691,18,4,14,12,2,base,,sat,False,300.0,0.064502250,0.266628458,24771,18442,1870599,15053461620,612,148
rank_sweep,css,2,921629516,18,4,14,12,2,base,,sat,False,300.0,0.062574750,0.076866667,8478,4860,419901,15054268290,612,148
rank_sweep,css,3,285401426,18,4,14,12,2,base,,sat,False,300.0,0.062528958,0.122340917,12754,8832,881230,15055595164,612,148
rank_sweep,css,4,866382619,18,4,14,12,2,base,,sat,False,300.0,0.063427000,0.174439083,15024,9819,1068862,15057153141,612,148
rank_sweep,css,5,222453245,18,4,14,12,2,base,,sat,False,300.0,0.061487541,0.074870250,8377,5529,475887,15058004421,612,148
rank_sweep,css,6,158517913,18,4,14,12,2,base,,sat,False,300.0,0.063538209,0.165268250,14900,10029,1170915,15059710009,612,148
rank_sweep,css,7,2028293932,18,4,14,12,2,base,,sat,False,300.0,0.063602750,0.101333833,9242,6591,742947,15060828160,612,148
rank_sweep,css,8,1709905573,18,4,14,12,2,base,,sat,False,300.0,0.063655583,0.058986208,7017,3849,342467,15061540279,612,148
rank_sweep,css,9,1304783499,18,4,14,12,2,base,,sat,False,300.0,0.078082542,0.034093750,4095,2314,179406,15062037395,612,148
rank_sweep,css,0,1304104069,18,4,14,13,1,base,,sat,False,300.0,0.064467959,2.269815375,136054,116363,17539848,15081559909,612,170
rank_sweep,css,1,1495413180,18,4,14,13,1,base,,sat,False,300.0,0.064486791,67.643006042,1774052,1480675,213379025,15320696828,612,170
rank_sweep,css,2,17424559,18,4,14,13,1,base,,sat,False,300.0,0.126138208,117.229734792,3013172,2638249,428302986,15787436718,612,170
rank_sweep,css,3,815124535,18,4,14,13,1,base,,sat,False,300.0,0.127309125,265.126011875,6740848,5556562,812485114,16671856398,612,170
rank_sweep,css,4,1572102837,18,4,14,13,1,base,,sat,False,300.0,0.130911958,124.508369458,2905398,2512558,425445930,17133597590,612,170
rank_sweep,css,5,137684016,18,4,14,13,1,base,,sat,False,300.0,0.129647875,103.650506542,2402502,2007004,356828452,17521054237,612,170
rank_sweep,css,6,48517670,18,4,14,13,1,base,,sat,False,300.0,0.132183000,10.052800583,352438,292561,36836538,17562580803,612,170
rank_sweep,css,7,826616751,18,4,14,13,1,base,,sat,False,300.0,0.126566791,36.662886208,988574,871845,145199531,17722504010,612,170
rank_sweep,css,8,735871761,18,4,14,13,1,base,,sat,False,300.0,0.123690375,1.811462625,73304,59798,7272319,17731106571,612,170
rank_sweep,css,9,858587638,18,4,14,13,1,base,,sat,False,300.0,0.128471084,76.920937084,2079385,1828312,296294531,18053093669,612,170
rank_sweep,css,0,411256072,18,4,14,14,0,base,,unknown,True,300.0,0.129812584,300.009675708,6877935,5630999,783497808,18919338610,486,196
rank_sweep,css,1,2033717012,18,4,14,14,0,base,,unknown,True,300.0,0.130941291,300.010849167,6735670,5193212,655941163,19667072026,444,196
rank_sweep,css,2,409799805,18,4,14,14,0,base,,unknown,True,300.0,0.133109208,300.008681000,7021884,5812197,784483692,20535534849,486,196
rank_sweep,css,3,938525695,18,4,14,14,0,base,,sat,False,300.0,0.133975250,296.180058791,6328621,5263735,730190960,21327974387,612,196
rank_sweep,css,4,1897309718,18,4,14,14,0,base,,unknown,True,300.0,0.134445875,300.014240833,7886421,5949186,849504653,22282769665,500,196
rank_sweep,css,5,1897164046,18,4,14,14,0,base,,unknown,True,300.0,0.132606500,300.017095958,7506571,5876081,791697779,23181040558,486,196
rank_sweep,css,6,1989844299,18,4,14,14,0,base,,unknown,True,300.0,0.131633625,300.006996041,6731230,5705932,791771751,24051637661,472,196
rank_sweep,css,7,2120593747,18,4,14,14,0,base,,unknown,True,300.0,0.129455125,300.017270750,7194269,5865450,768911887,24905792329,472,196
rank_sweep,css,8,239734706,18,4,14,14,0,base,,unknown,True,300.0,0.129840833,300.019050500,7106575,5754885,744234104,25730490557,486,196
rank_sweep,css,9,723197115,18,4,14,14,0,base,,unknown,True,300.0,0.129526334,300.016507708,6258523,5104827,731326925,26540303715,500,196
row_mixing,clean,0,1577075383,14,2,12,6,6,base,,sat,False,300.0,0.162788959,0.087385208,5037,3029,272227,786431352,560,144
row_mixing,mixed,0,1577075383,14,2,12,6,6,base,,sat,False,300.0,0.161304375,0.350448417,10613,7555,1219311,788027247,560,144
row_mixing,clean,1,1468214452,14,2,12,6,6,base,,sat,False,300.0,0.159109500,0.024423000,380,179,18024,788196791,560,144
row_mixing,mixed,1,1468214452,14,2,12,6,6,base,,sat,False,300.0,0.166403458,0.052901459,1671,856,107783,788502590,560,144
row_mixing,clean,2,731009035,14,2,12,6,6,base,,sat,False,300.0,0.158291375,0.022815334,464,155,16159,788667227,560,144
row_mixing,mixed,2,731009035,14,2,12,6,6,base,,sat,False,300.0,0.166488792,0.070687334,2697,1416,176631,789070801,560,144
row_mixing,clean,3,903642801,14,2,12,6,6,base,,sat,False,300.0,0.161484250,0.037940666,1026,518,70596,789311680,560,144
row_mixing,mixed,3,903642801,14,2,12,6,6,base,,sat,False,300.0,0.165679833,0.317453542,11323,7570,1227760,790889512,560,144
row_mixing,clean,4,2071493632,14,2,12,6,6,base,,sat,False,300.0,0.159292083,0.059134000,2879,1412,129039,791214188,560,144
row_mixing,mixed,4,2071493632,14,2,12,6,6,base,,sat,False,300.0,0.204358541,0.541188958,16096,13210,2604149,794276912,560,144
row_mixing,clean,5,659763255,14,2,12,6,6,base,,sat,False,300.0,0.158233708,0.029695583,909,427,38716,794478124,560,144
row_mixing,mixed,5,659763255,14,2,12,6,6,base,,sat,False,300.0,0.160417083,0.165739333,5398,3326,520158,795289917,560,144
row_mixing,clean,6,1284349582,14,2,12,6,6,base,,sat,False,300.0,0.160088500,0.020468750,190,71,5785,795432146,560,144
row_mixing,mixed,6,1284349582,14,2,12,6,6,base,,sat,False,300.0,0.166648750,0.043069750,1085,614,64952,795689114,560,144
row_mixing,clean,7,281769679,14,2,12,6,6,base,,sat,False,300.0,0.161101167,0.031667209,1057,412,43793,795901114,560,144
row_mixing,mixed,7,281769679,14,2,12,6,6,base,,sat,False,300.0,0.167631125,0.066460959,2730,1574,180331,796297665,560,144
row_mixing,clean,8,1980401660,14,2,12,6,6,base,,sat,False,300.0,0.156582375,0.018147500,77,26,2433,796432949,560,144
row_mixing,mixed,8,1980401660,14,2,12,6,6,base,,sat,False,300.0,0.164464375,0.059782000,1926,1402,164263,796788084,560,144
row_mixing,clean,9,935747511,14,2,12,6,6,base,,sat,False,300.0,0.156856416,0.024205917,457,171,16766,796961513,560,144
row_mixing,mixed,9,935747511,14,2,12,6,6,base,,sat,False,300.0,0.160503125,0.047589959,1363,712,96174,797251589,560,144
row_mixing,clean,0,20490234,16,2,14,7,7,base,,sat,False,300.0,0.232811166,0.057174625,2569,924,99767,797607095,736,196
row_mixing,mixed,0,20490234,16,2,14,7,7,base,,sat,False,300.0,0.239482167,0.179644959,6996,3547,593708,798581529,736,196
row_mixing,clean,1,2066795108,16,2,14,7,7,base,,sat,False,300.0,0.236545000,0.043504750,1000,445,52813,798868755,736,196
row_mixing,mixed,1,2066795108,16,2,14,7,7,base,,sat,False,300.0,0.233236750,6.753578541,140820,108603,26099871,828489198,736,196
row_mixing,clean,2,1820350657,16,2,14,7,7,base,,sat,False,300.0,0.230813833,0.040550250,932,359,38508,828753790,736,196
row_mixing,mixed,2,1820350657,16,2,14,7,7,base,,sat,False,300.0,0.241395458,0.208774333,8119,6268,912925,830038064,736,196
row_mixing,clean,3,1080861367,16,2,14,7,7,base,,sat,False,300.0,0.231806000,0.049709208,2207,641,61570,830344419,736,196
row_mixing,mixed,3,1080861367,16,2,14,7,7,base,,sat,False,300.0,0.243323375,0.165746250,6376,3837,504987,831191417,736,196
row_mixing,clean,4,306689285,16,2,14,7,7,base,,sat,False,300.0,0.236889500,0.046213917,1285,458,50226,831480271,736,196
row_mixing,mixed,4,306689285,16,2,14,7,7,base,,sat,False,300.0,0.252676250,0.212136334,7200,4897,760638,832634839,736,196
row_mixing,clean,5,1333194299,16,2,14,7,7,base,,sat,False,300.0,0.230261500,0.036586458,1008,270,30794,832885093,736,196
row_mixing,mixed,5,1333194299,16,2,14,7,7,base,,sat,False,300.0,0.246637333,0.113367542,3690,2346,342633,833538427,736,196
row_mixing,clean,6,661745150,16,2,14,7,7,base,,sat,False,300.0,0.227975459,0.039579750,1175,434,35640,833804480,736,196
row_mixing,mixed,6,661745150,16,2,14,7,7,base,,sat,False,300.0,0.245284292,0.245560916,8337,5342,897463,835096715,736,196
row_mixing,clean,7,559434326,16,2,14,7,7,base,,sat,False,300.0,0.235059542,0.453188250,17012,8513,1295954,836978114,736,196
row_mixing,mixed,7,559434326,16,2,14,7,7,base,,sat,False,300.0,0.244768917,75.092372458,850443,799671,240834718,1092655523,736,196
row_mixing,clean,8,734394819,16,2,14,7,7,base,,sat,False,300.0,0.241609625,0.270100583,11029,5154,616593,1093696389,736,196
row_mixing,mixed,8,734394819,16,2,14,7,7,base,,sat,False,300.0,0.248001250,0.855712875,13962,11519,3064789,1097609191,736,196
row_mixing,clean,9,795491137,16,2,14,7,7,base,,sat,False,300.0,0.233173750,0.152895458,5990,2721,325607,1098279905,736,196
row_mixing,mixed,9,795491137,16,2,14,7,7,base,,sat,False,300.0,0.250727709,4.155037166,99661,84224,20845483,1120650222,736,196
row_mixing,clean,0,744743438,18,2,16,8,8,base,,sat,False,300.0,0.331334375,0.439263209,18289,7214,1045531,1122392529,936,256
row_mixing,mixed,0,744743438,18,2,16,8,8,base,,sat,False,300.0,0.341351458,52.421970458,1011161,815626,213040285,1349843777,936,256
row_mixing,clean,1,660288022,18,2,16,8,8,base,,sat,False,300.0,0.370369292,0.303259292,6005,2796,394862,1350678860,936,256
row_mixing,mixed,1,660288022,18,2,16,8,8,base,,sat,False,300.0,0.340245791,0.379450291,13471,8765,1637392,1352849665,936,256
row_mixing,clean,2,1997554587,18,2,16,8,8,base,,sat,False,300.0,0.333554209,0.397076083,16920,9104,1245574,1354695080,936,256
row_mixing,mixed,2,1997554587,18,2,16,8,8,base,,sat,False,300.0,0.338389791,34.694273250,711414,592735,155709716,1522456640,936,256
row_mixing,clean,3,127108252,18,2,16,8,8,base,,sat,False,300.0,0.329409416,0.191754958,8263,3954,627803,1523511794,936,256
row_mixing,mixed,3,127108252,18,2,16,8,8,base,,sat,False,300.0,0.355544291,38.857481750,562564,476731,156254869,1692156792,936,256
row_mixing,clean,4,1857963596,18,2,16,8,8,base,,sat,False,300.0,0.337230917,4.089265167,132965,84575,13881704,1708876358,936,256
row_mixing,mixed,4,1857963596,18,2,16,8,8,base,,unknown,True,300.0,0.341546500,300.030214709,1331896,1273952,464689734,2226019004,616,256
row_mixing,clean,5,1742299496,18,2,16,8,8,base,,sat,False,300.0,0.332282250,0.128158041,5424,2482,344292,2226749996,936,256
row_mixing,mixed,5,1742299496,18,2,16,8,8,base,,unknown,True,300.0,0.351241125,300.031203833,1798397,1690773,611227530,2910153125,648,256
row_mixing,clean,6,355192816,18,2,16,8,8,base,,sat,False,300.0,0.340370625,0.061720416,1978,617,74442,2910551940,936,256
row_mixing,mixed,6,355192816,18,2,16,8,8,base,,sat,False,300.0,0.349019541,0.478743584,19965,15374,2220050,2913335758,936,256
row_mixing,clean,7,1153739895,18,2,16,8,8,base,,sat,False,300.0,0.333133000,0.145940833,8377,3122,374746,2914148042,936,256
row_mixing,mixed,7,1153739895,18,2,16,8,8,base,,sat,False,300.0,0.354155458,136.933605958,1887837,1648219,566791520,3518667310,936,256
row_mixing,clean,8,720867645,18,2,16,8,8,base,,sat,False,300.0,0.358350292,0.299199667,15731,6939,827085,3520068902,936,256
row_mixing,mixed,8,720867645,18,2,16,8,8,base,,unknown,True,300.0,0.352740375,300.032572625,2781838,2534373,980277189,4579492786,712,256
row_mixing,clean,9,1946689124,18,2,16,8,8,base,,sat,False,300.0,0.433408833,0.110468458,3855,1658,216801,4580062138,936,256
row_mixing,mixed,9,1946689124,18,2,16,8,8,base,,sat,False,300.0,0.400673167,238.644529833,2480685,2320054,836159248,5474046375,936,256
