algorithm,generator,name,n,k,positive,density,symmetry,seed,nr_seeds,timeout_seconds,memory_limit_bytes,mean_seconds,stddev_seconds,maximum_seconds,num_cases,num_successful,num_unexpected,num_timeouts,num_memory_limited,num_errors,num_generation_errors
pm_css_sat,random_pm_css_sat_3_0_negative,,3,0,False,,,42,10,5400.0,13958643712,0.021039888,0.001739357,0.024245432,10,10,0,0,0,0,0
pm_css_sat,random_pm_css_sat_3_0_positive,,3,0,True,,,42,10,5400.0,13958643712,0.022252019,0.002060808,0.027838697,10,10,0,0,0,0,0
pm_css_sat,random_pm_css_sat_3_1_negative,,3,1,False,,,42,10,5400.0,13958643712,0.021118673,0.001254436,0.023980171,10,10,0,0,0,0,0
pm_css_sat,random_pm_css_sat_3_1_positive,,3,1,True,,,42,10,5400.0,13958643712,0.022062941,0.002009981,0.027114804,10,10,0,0,0,0,0
pm_css_sat,random_pm_css_sat_3_2_negative,,3,2,False,,,42,10,5400.0,13958643712,0.020616908,0.002147288,0.026203871,10,10,0,0,0,0,0
pm_css_sat,random_pm_css_sat_3_2_positive,,3,2,True,,,42,10,5400.0,13958643712,0.021942923,0.001989074,0.025893639,10,10,0,0,0,0,0
pm_css_sat,random_pm_css_sat_4_0_negative,,4,0,False,,,42,10,5400.0,13958643712,0.024041720,0.001414336,0.026026800,10,10,0,0,0,0,0
pm_css_sat,random_pm_css_sat_4_0_positive,,4,0,True,,,42,10,5400.0,13958643712,0.025586513,0.001603186,0.029160863,10,10,0,0,0,0,0
pm_css_sat,random_pm_css_sat_4_1_negative,,4,1,False,,,42,10,5400.0,13958643712,0.023786424,0.001669442,0.026684693,10,10,0,0,0,0,0
pm_css_sat,random_pm_css_sat_4_1_positive,,4,1,True,,,42,10,5400.0,13958643712,0.025483424,0.001847229,0.028874682,10,10,0,0,0,0,0
pm_css_sat,random_pm_css_sat_4_2_negative,,4,2,False,,,42,10,5400.0,13958643712,0.022047375,0.001917172,0.026107060,10,10,0,0,0,0,0
pm_css_sat,random_pm_css_sat_4_2_positive,,4,2,True,,,42,10,5400.0,13958643712,0.023902367,0.001002522,0.025266077,10,10,0,0,0,0,0
pm_css_sat,random_pm_css_sat_4_3_negative,,4,3,False,,,42,10,5400.0,13958643712,0.021946037,0.002001630,0.025874780,10,10,0,0,0,0,0
pm_css_sat,random_pm_css_sat_4_3_positive,,4,3,True,,,42,10,5400.0,13958643712,0.022726666,0.001543378,0.025440438,10,10,0,0,0,0,0
pm_css_sat,random_pm_css_sat_5_0_negative,,5,0,False,,,42,10,5400.0,13958643712,0.028785509,0.001289317,0.030111627,10,10,0,0,0,0,0
pm_css_sat,random_pm_css_sat_5_0_positive,,5,0,True,,,42,10,5400.0,13958643712,0.029997922,0.001138341,0.032653148,10,10,0,0,0,0,0
pm_css_sat,random_pm_css_sat_5_1_negative,,5,1,False,,,42,10,5400.0,13958643712,0.028208257,0.002296589,0.031881075,10,10,0,0,0,0,0
pm_css_sat,random_pm_css_sat_5_1_positive,,5,1,True,,,42,10,5400.0,13958643712,0.028306791,0.000861175,0.029886457,10,10,0,0,0,0,0
pm_css_sat,random_pm_css_sat_5_2_negative,,5,2,False,,,42,10,5400.0,13958643712,0.025161367,0.001454762,0.028224720,10,10,0,0,0,0,0
pm_css_sat,random_pm_css_sat_5_2_positive,,5,2,True,,,42,10,5400.0,13958643712,0.027794608,0.002462912,0.033695582,10,10,0,0,0,0,0
pm_css_sat,random_pm_css_sat_5_3_negative,,5,3,False,,,42,10,5400.0,13958643712,0.024540141,0.001536334,0.027424046,10,10,0,0,0,0,0
pm_css_sat,random_pm_css_sat_5_3_positive,,5,3,True,,,42,10,5400.0,13958643712,0.025065798,0.000757605,0.026205961,10,10,0,0,0,0,0
pm_css_sat,random_pm_css_sat_5_4_negative,,5,4,False,,,42,10,5400.0,13958643712,0.023471070,0.001254147,0.025957530,10,10,0,0,0,0,0
pm_css_sat,random_pm_css_sat_5_4_positive,,5,4,True,,,42,10,5400.0,13958643712,0.025898712,0.004026640,0.034727537,10,10,0,0,0,0,0
pm_css_sat,random_pm_css_sat_6_0_negative,,6,0,False,,,42,10,5400.0,13958643712,0.035681938,0.002089590,0.039305887,10,10,0,0,0,0,0
pm_css_sat,random_pm_css_sat_6_0_positive,,6,0,True,,,42,10,5400.0,13958643712,0.037107800,0.002203474,0.041560996,10,10,0,0,0,0,0
pm_css_sat,random_pm_css_sat_6_1_negative,,6,1,False,,,42,10,5400.0,13958643712,0.033595832,0.004005438,0.043752616,10,10,0,0,0,0,0
pm_css_sat,random_pm_css_sat_6_1_positive,,6,1,True,,,42,10,5400.0,13958643712,0.034916387,0.001366308,0.036814776,10,10,0,0,0,0,0
pm_css_sat,random_pm_css_sat_6_2_negative,,6,2,False,,,42,10,5400.0,13958643712,0.030798978,0.002497548,0.034349436,10,10,0,0,0,0,0
pm_css_sat,random_pm_css_sat_6_2_positive,,6,2,True,,,42,10,5400.0,13958643712,0.031959553,0.000908807,0.033177421,10,10,0,0,0,0,0
pm_css_sat,random_pm_css_sat_6_3_negative,,6,3,False,,,42,10,5400.0,13958643712,0.028448691,0.002086868,0.031949747,10,10,0,0,0,0,0
pm_css_sat,random_pm_css_sat_6_3_positive,,6,3,True,,,42,10,5400.0,13958643712,0.029563257,0.000413965,0.030295179,10,10,0,0,0,0,0
pm_css_sat,random_pm_css_sat_6_4_negative,,6,4,False,,,42,10,5400.0,13958643712,0.026216562,0.001224493,0.028410201,10,10,0,0,0,0,0
pm_css_sat,random_pm_css_sat_6_4_positive,,6,4,True,,,42,10,5400.0,13958643712,0.028802133,0.002123422,0.033857374,10,10,0,0,0,0,0
pm_css_sat,random_pm_css_sat_6_5_negative,,6,5,False,,,42,10,5400.0,13958643712,0.026132511,0.001246327,0.028943843,10,10,0,0,0,0,0
pm_css_sat,random_pm_css_sat_6_5_positive,,6,5,True,,,42,10,5400.0,13958643712,0.026945240,0.001303575,0.029718157,10,10,0,0,0,0,0
pm_css_sat,random_pm_css_sat_7_0_negative,,7,0,False,,,42,10,5400.0,13958643712,0.044497146,0.004789936,0.057216584,10,10,0,0,0,0,0
pm_css_sat,random_pm_css_sat_7_0_positive,,7,0,True,,,42,10,5400.0,13958643712,0.044638740,0.002761517,0.049893673,10,10,0,0,0,0,0
pm_css_sat,random_pm_css_sat_7_2_negative,,7,2,False,,,42,10,5400.0,13958643712,0.037100084,0.002106247,0.039401327,10,10,0,0,0,0,0
pm_css_sat,random_pm_css_sat_7_2_positive,,7,2,True,,,42,10,5400.0,13958643712,0.039593269,0.002204089,0.042666763,10,10,0,0,0,0,0
pm_css_sat,random_pm_css_sat_7_4_negative,,7,4,False,,,42,10,5400.0,13958643712,0.032011754,0.002741456,0.037299289,10,10,0,0,0,0,0
pm_css_sat,random_pm_css_sat_7_4_positive,,7,4,True,,,42,10,5400.0,13958643712,0.033619167,0.001602099,0.036110944,10,10,0,0,0,0,0
pm_css_sat,random_pm_css_sat_7_6_negative,,7,6,False,,,42,10,5400.0,13958643712,0.028277965,0.000793190,0.030022039,10,10,0,0,0,0,0
pm_css_sat,random_pm_css_sat_7_6_positive,,7,6,True,,,42,10,5400.0,13958643712,0.029880376,0.001463716,0.033077671,10,10,0,0,0,0,0
pm_css_sat,random_pm_css_sat_8_0_negative,,8,0,False,,,42,10,5400.0,13958643712,0.052392235,0.002954387,0.056979954,10,10,0,0,0,0,0
pm_css_sat,random_pm_css_sat_8_0_positive,,8,0,True,,,42,10,5400.0,13958643712,0.056341102,0.004458089,0.063461221,10,10,0,0,0,0,0
pm_css_sat,random_pm_css_sat_8_2_negative,,8,2,False,,,42,10,5400.0,13958643712,0.045493377,0.002048091,0.047577854,10,10,0,0,0,0,0
pm_css_sat,random_pm_css_sat_8_2_positive,,8,2,True,,,42,10,5400.0,13958643712,0.048199585,0.002734723,0.052300294,10,10,0,0,0,0,0
pm_css_sat,random_pm_css_sat_8_4_negative,,8,4,False,,,42,10,5400.0,13958643712,0.038445348,0.002126238,0.043606717,10,10,0,0,0,0,0
pm_css_sat,random_pm_css_sat_8_4_positive,,8,4,True,,,42,10,5400.0,13958643712,0.041719769,0.002160135,0.044811992,10,10,0,0,0,0,0
pm_css_sat,random_pm_css_sat_8_6_negative,,8,6,False,,,42,10,5400.0,13958643712,0.032563049,0.001154272,0.034713189,10,10,0,0,0,0,0
pm_css_sat,random_pm_css_sat_8_6_positive,,8,6,True,,,42,10,5400.0,13958643712,0.034366928,0.000920883,0.036287045,10,10,0,0,0,0,0
pm_css_sat,random_pm_css_sat_9_0_negative,,9,0,False,,,42,10,5400.0,13958643712,0.064878566,0.005450253,0.070060061,10,10,0,0,0,0,0
pm_css_sat,random_pm_css_sat_9_0_positive,,9,0,True,,,42,10,5400.0,13958643712,0.068876752,0.005772196,0.078079226,10,10,0,0,0,0,0
pm_css_sat,random_pm_css_sat_9_2_negative,,9,2,False,,,42,10,5400.0,13958643712,0.057982513,0.004430564,0.063559033,10,10,0,0,0,0,0
pm_css_sat,random_pm_css_sat_9_2_positive,,9,2,True,,,42,10,5400.0,13958643712,0.060156959,0.004311752,0.067164609,10,10,0,0,0,0,0
pm_css_sat,random_pm_css_sat_9_4_negative,,9,4,False,,,42,10,5400.0,13958643712,0.047587129,0.002918749,0.052426245,10,10,0,0,0,0,0
pm_css_sat,random_pm_css_sat_9_4_positive,,9,4,True,,,42,10,5400.0,13958643712,0.050007609,0.004136986,0.059877087,10,10,0,0,0,0,0
pm_css_sat,random_pm_css_sat_9_6_negative,,9,6,False,,,42,10,5400.0,13958643712,0.039592865,0.002899232,0.044914814,10,10,0,0,0,0,0
pm_css_sat,random_pm_css_sat_9_6_positive,,9,6,True,,,42,10,5400.0,13958643712,0.042563702,0.003154194,0.049330133,10,10,0,0,0,0,0
pm_css_sat,random_pm_css_sat_9_8_negative,,9,8,False,,,42,10,5400.0,13958643712,0.034938641,0.001817023,0.038028574,10,10,0,0,0,0,0
pm_css_sat,random_pm_css_sat_9_8_positive,,9,8,True,,,42,10,5400.0,13958643712,0.035933076,0.001806433,0.039452330,10,10,0,0,0,0,0
pm_css_sat,random_pm_css_sat_10_0_negative,,10,0,False,,,42,10,5400.0,13958643712,0.081987709,0.004109827,0.089130094,10,10,0,0,0,0,0
pm_css_sat,random_pm_css_sat_10_0_positive,,10,0,True,,,42,10,5400.0,13958643712,0.085049823,0.005644438,0.096142756,10,10,0,0,0,0,0
pm_css_sat,random_pm_css_sat_10_2_negative,,10,2,False,,,42,10,5400.0,13958643712,0.074926189,0.009925233,0.093072613,10,10,0,0,0,0,0
pm_css_sat,random_pm_css_sat_10_2_positive,,10,2,True,,,42,10,5400.0,13958643712,0.095593660,0.052586669,0.241670087,10,10,0,0,0,0,0
pm_css_sat,random_pm_css_sat_10_4_negative,,10,4,False,,,42,10,5400.0,13958643712,0.059646735,0.003495206,0.065759905,10,10,0,0,0,0,0
pm_css_sat,random_pm_css_sat_10_4_positive,,10,4,True,,,42,10,5400.0,13958643712,0.063849057,0.004144886,0.073566869,10,10,0,0,0,0,0
pm_css_sat,random_pm_css_sat_10_6_negative,,10,6,False,,,42,10,5400.0,13958643712,0.048874863,0.001872007,0.050929381,10,10,0,0,0,0,0
pm_css_sat,random_pm_css_sat_10_6_positive,,10,6,True,,,42,10,5400.0,13958643712,0.053490321,0.002401150,0.056036663,10,10,0,0,0,0,0
pm_css_sat,random_pm_css_sat_10_8_negative,,10,8,False,,,42,10,5400.0,13958643712,0.041392404,0.002861613,0.046713613,10,10,0,0,0,0,0
pm_css_sat,random_pm_css_sat_10_8_positive,,10,8,True,,,42,10,5400.0,13958643712,0.043739856,0.001580488,0.047344085,10,10,0,0,0,0,0
pm_css_sat,random_pm_css_sat_11_0_negative,,11,0,False,,,42,10,5400.0,13958643712,0.101528307,0.006850130,0.115145541,10,10,0,0,0,0,0
pm_css_sat,random_pm_css_sat_11_0_positive,,11,0,True,,,42,10,5400.0,13958643712,0.105199691,0.008022647,0.118225553,10,10,0,0,0,0,0
pm_css_sat,random_pm_css_sat_11_2_negative,,11,2,False,,,42,10,5400.0,13958643712,0.087951279,0.009014341,0.107696998,10,10,0,0,0,0,0
pm_css_sat,random_pm_css_sat_11_2_positive,,11,2,True,,,42,10,5400.0,13958643712,0.099534097,0.018963935,0.136452603,10,10,0,0,0,0,0
pm_css_sat,random_pm_css_sat_11_4_negative,,11,4,False,,,42,10,5400.0,13958643712,0.072836352,0.004899873,0.078380162,10,10,0,0,0,0,0
pm_css_sat,random_pm_css_sat_11_4_positive,,11,4,True,,,42,10,5400.0,13958643712,0.083789695,0.012825689,0.113058893,10,10,0,0,0,0,0
pm_css_sat,random_pm_css_sat_11_6_negative,,11,6,False,,,42,10,5400.0,13958643712,0.061627770,0.003427839,0.067863677,10,10,0,0,0,0,0
pm_css_sat,random_pm_css_sat_11_6_positive,,11,6,True,,,42,10,5400.0,13958643712,0.066135443,0.005900541,0.074791318,10,10,0,0,0,0,0
pm_css_sat,random_pm_css_sat_11_8_negative,,11,8,False,,,42,10,5400.0,13958643712,0.049396027,0.001735192,0.051943227,10,10,0,0,0,0,0
pm_css_sat,random_pm_css_sat_11_8_positive,,11,8,True,,,42,10,5400.0,13958643712,0.052975984,0.002540123,0.057005950,10,10,0,0,0,0,0
pm_css_sat,random_pm_css_sat_11_10_negative,,11,10,False,,,42,10,5400.0,13958643712,0.044490890,0.002479101,0.048055950,10,10,0,0,0,0,0
pm_css_sat,random_pm_css_sat_11_10_positive,,11,10,True,,,42,10,5400.0,13958643712,0.041977016,0.000750755,0.043200470,10,10,0,0,0,0,0
pm_css_sat,random_pm_css_sat_12_0_negative,,12,0,False,,,42,10,5400.0,13958643712,0.122491422,0.003898698,0.128488243,10,10,0,0,0,0,0
pm_css_sat,random_pm_css_sat_12_0_positive,,12,0,True,,,42,10,5400.0,13958643712,0.132829009,0.017671610,0.166596751,10,10,0,0,0,0,0
pm_css_sat,random_pm_css_sat_12_2_negative,,12,2,False,,,42,10,5400.0,13958643712,0.186689921,0.131913493,0.471866543,10,10,0,0,0,0,0
pm_css_sat,random_pm_css_sat_12_2_positive,,12,2,True,,,42,10,5400.0,13958643712,3.329695219,9.305413155,29.749703202,10,10,0,0,0,0,0
pm_css_sat,random_pm_css_sat_12_4_negative,,12,4,False,,,42,10,5400.0,13958643712,0.095153523,0.012232105,0.128410273,10,10,0,0,0,0,0
pm_css_sat,random_pm_css_sat_12_4_positive,,12,4,True,,,42,10,5400.0,13958643712,0.209860941,0.182087083,0.567028415,10,10,0,0,0,0,0
pm_css_sat,random_pm_css_sat_12_6_negative,,12,6,False,,,42,10,5400.0,13958643712,0.076119714,0.004759169,0.082144164,10,10,0,0,0,0,0
pm_css_sat,random_pm_css_sat_12_6_positive,,12,6,True,,,42,10,5400.0,13958643712,0.084099824,0.012018169,0.115424585,10,10,0,0,0,0,0
pm_css_sat,random_pm_css_sat_12_8_negative,,12,8,False,,,42,10,5400.0,13958643712,0.062085832,0.002374409,0.064290584,10,10,0,0,0,0,0
pm_css_sat,random_pm_css_sat_12_8_positive,,12,8,True,,,42,10,5400.0,13958643712,0.068526065,0.003685145,0.071727937,10,10,0,0,0,0,0
pm_css_sat,random_pm_css_sat_12_10_negative,,12,10,False,,,42,10,5400.0,13958643712,0.051098706,0.003493166,0.059494321,10,10,0,0,0,0,0
pm_css_sat,random_pm_css_sat_12_10_positive,,12,10,True,,,42,10,5400.0,13958643712,0.052999481,0.001476494,0.056175737,10,10,0,0,0,0,0
pm_css_sat,random_pm_css_sat_13_0_negative,,13,0,False,,,42,10,5400.0,13958643712,0.153330632,0.018261963,0.200250035,10,10,0,0,0,0,0
pm_css_sat,random_pm_css_sat_13_0_positive,,13,0,True,,,42,10,5400.0,13958643712,0.196944258,0.073232455,0.329264386,10,10,0,0,0,0,0
pm_css_sat,random_pm_css_sat_13_2_negative,,13,2,False,,,42,10,5400.0,13958643712,0.938920222,2.462649116,7.945633234,10,10,0,0,0,0,0
pm_css_sat,random_pm_css_sat_13_2_positive,,13,2,True,,,42,10,5400.0,13958643712,1.937003168,4.030481044,13.079526748,10,10,0,0,0,0,0
pm_css_sat,random_pm_css_sat_13_4_negative,,13,4,False,,,42,10,5400.0,13958643712,0.118773789,0.017654475,0.161307697,10,10,0,0,0,0,0
pm_css_sat,random_pm_css_sat_13_4_positive,,13,4,True,,,42,10,5400.0,13958643712,0.645946806,1.059371268,3.510621054,10,10,0,0,0,0,0
pm_css_sat,random_pm_css_sat_13_6_negative,,13,6,False,,,42,10,5400.0,13958643712,0.091031274,0.003335594,0.097893562,10,10,0,0,0,0,0
pm_css_sat,random_pm_css_sat_13_6_positive,,13,6,True,,,42,10,5400.0,13958643712,0.139749399,0.095541757,0.403631516,10,10,0,0,0,0,0
pm_css_sat,random_pm_css_sat_13_8_negative,,13,8,False,,,42,10,5400.0,13958643712,0.079325500,0.003110862,0.084261118,10,10,0,0,0,0,0
pm_css_sat,random_pm_css_sat_13_8_positive,,13,8,True,,,42,10,5400.0,13958643712,0.082412721,0.004662436,0.088955641,10,10,0,0,0,0,0
pm_css_sat,random_pm_css_sat_13_10_negative,,13,10,False,,,42,10,5400.0,13958643712,0.062556353,0.001715991,0.064709646,10,10,0,0,0,0,0
pm_css_sat,random_pm_css_sat_13_10_positive,,13,10,True,,,42,10,5400.0,13958643712,0.067464525,0.003204331,0.072775644,10,10,0,0,0,0,0
pm_css_sat,random_pm_css_sat_13_12_negative,,13,12,False,,,42,10,5400.0,13958643712,0.060507268,0.015354411,0.103203048,10,10,0,0,0,0,0
pm_css_sat,random_pm_css_sat_13_12_positive,,13,12,True,,,42,10,5400.0,13958643712,0.053201985,0.001731207,0.056927839,10,10,0,0,0,0,0
pm_css_sat,random_pm_css_sat_14_0_negative,,14,0,False,,,42,10,5400.0,13958643712,0.178753058,0.010238766,0.198663832,10,10,0,0,0,0,0
pm_css_sat,random_pm_css_sat_14_0_positive,,14,0,True,,,42,10,5400.0,13958643712,0.226929316,0.048138877,0.313865430,10,10,0,0,0,0,0
pm_css_sat,random_pm_css_sat_14_2_negative,,14,2,False,,,42,10,5400.0,13958643712,1.801002298,2.752549163,7.465604778,10,10,0,0,0,0,0
pm_css_sat,random_pm_css_sat_14_2_positive,,14,2,True,,,42,10,5400.0,13958643712,10.422752797,17.121754336,53.150526679,10,10,0,0,0,0,0
pm_css_sat,random_pm_css_sat_14_4_negative,,14,4,False,,,42,10,5400.0,13958643712,0.229538017,0.145082693,0.563693230,10,10,0,0,0,0,0
pm_css_sat,random_pm_css_sat_14_4_positive,,14,4,True,,,42,10,5400.0,13958643712,4.692004176,12.031766106,38.737448657,10,10,0,0,0,0,0
pm_css_sat,random_pm_css_sat_14_6_negative,,14,6,False,,,42,10,5400.0,13958643712,0.114504350,0.013463785,0.148994316,10,10,0,0,0,0,0
pm_css_sat,random_pm_css_sat_14_6_positive,,14,6,True,,,42,10,5400.0,13958643712,0.239073287,0.209743383,0.649329277,10,10,0,0,0,0,0
pm_css_sat,random_pm_css_sat_14_8_negative,,14,8,False,,,42,10,5400.0,13958643712,0.094861987,0.004642965,0.106282121,10,10,0,0,0,0,0
pm_css_sat,random_pm_css_sat_14_8_positive,,14,8,True,,,42,10,5400.0,13958643712,0.108850447,0.022892996,0.155998505,10,10,0,0,0,0,0
pm_css_sat,random_pm_css_sat_14_10_negative,,14,10,False,,,42,10,5400.0,13958643712,0.075562957,0.002355567,0.079724682,10,10,0,0,0,0,0
pm_css_sat,random_pm_css_sat_14_10_positive,,14,10,True,,,42,10,5400.0,13958643712,0.082400823,0.003456864,0.086733129,10,10,0,0,0,0,0
pm_css_sat,random_pm_css_sat_14_12_negative,,14,12,False,,,42,10,5400.0,13958643712,0.062760041,0.001603825,0.064215530,10,10,0,0,0,0,0
pm_css_sat,random_pm_css_sat_14_12_positive,,14,12,True,,,42,10,5400.0,13958643712,0.064883744,0.003293127,0.070012322,10,10,0,0,0,0,0
pm_css_sat,random_pm_css_sat_15_0_negative,,15,0,False,,,42,10,5400.0,13958643712,0.213654824,0.017263168,0.245984043,10,10,0,0,0,0,0
pm_css_sat,random_pm_css_sat_15_0_positive,,15,0,True,,,42,10,5400.0,13958643712,0.339349657,0.226673268,0.939982170,10,10,0,0,0,0,0
pm_css_sat,random_pm_css_sat_15_4_negative,,15,4,False,,,42,10,5400.0,13958643712,0.536558894,0.581037093,1.727523189,10,10,0,0,0,0,0
pm_css_sat,random_pm_css_sat_15_4_positive,,15,4,True,,,42,10,5400.0,13958643712,7.378542762,10.626350783,29.832221055,10,10,0,0,0,0,0
pm_css_sat,random_pm_css_sat_15_8_negative,,15,8,False,,,42,10,5400.0,13958643712,0.113256520,0.006467284,0.121634228,10,10,0,0,0,0,0
pm_css_sat,random_pm_css_sat_15_8_positive,,15,8,True,,,42,10,5400.0,13958643712,0.147505282,0.054665846,0.275138253,10,10,0,0,0,0,0
pm_css_sat,random_pm_css_sat_15_12_negative,,15,12,False,,,42,10,5400.0,13958643712,0.076697898,0.003730041,0.081048896,10,10,0,0,0,0,0
pm_css_sat,random_pm_css_sat_15_12_positive,,15,12,True,,,42,10,5400.0,13958643712,0.082211957,0.002793067,0.085161459,10,10,0,0,0,0,0
pm_css_sat,random_pm_css_sat_16_0_negative,,16,0,False,,,42,10,5400.0,13958643712,0.282649097,0.072435410,0.425790974,10,10,0,0,0,0,0
pm_css_sat,random_pm_css_sat_16_0_positive,,16,0,True,,,42,10,5400.0,13958643712,0.468988054,0.313379327,1.181050873,10,10,0,0,0,0,0
pm_css_sat,random_pm_css_sat_16_4_negative,,16,4,False,,,42,10,5400.0,13958643712,2.983806629,5.187600683,15.047814552,10,10,0,0,0,0,0
pm_css_sat,random_pm_css_sat_16_4_positive,,16,4,True,,,42,10,5400.0,13958643712,124.051247264,239.157032725,761.967333190,10,10,0,0,0,0,0
pm_css_sat,random_pm_css_sat_16_8_negative,,16,8,False,,,42,10,5400.0,13958643712,0.140061246,0.018878481,0.191920825,10,10,0,0,0,0,0
pm_css_sat,random_pm_css_sat_16_8_positive,,16,8,True,,,42,10,5400.0,13958643712,0.459960045,0.770672230,2.621922123,10,10,0,0,0,0,0
pm_css_sat,random_pm_css_sat_16_12_negative,,16,12,False,,,42,10,5400.0,13958643712,0.091143328,0.004219185,0.096963943,10,10,0,0,0,0,0
pm_css_sat,random_pm_css_sat_16_12_positive,,16,12,True,,,42,10,5400.0,13958643712,0.099642384,0.004215257,0.103583129,10,10,0,0,0,0,0
pm_css_sat,random_pm_css_sat_17_0_negative,,17,0,False,,,42,10,5400.0,13958643712,0.292252978,0.027943748,0.368485139,10,10,0,0,0,0,0
pm_css_sat,random_pm_css_sat_17_0_positive,,17,0,True,,,42,10,5400.0,13958643712,0.802373953,1.104602971,3.854234256,10,10,0,0,0,0,0
pm_css_sat,random_pm_css_sat_17_4_negative,,17,4,False,,,42,10,5400.0,13958643712,10.286545558,25.609124843,82.269559032,10,10,0,0,0,0,0
pm_css_sat,random_pm_css_sat_17_4_positive,,17,4,True,,,42,10,5400.0,13958643712,79.096298563,99.383532817,259.849731822,10,10,0,0,0,0,0
pm_css_sat,random_pm_css_sat_17_8_negative,,17,8,False,,,42,10,5400.0,13958643712,0.183010416,0.047698029,0.311453985,10,10,0,0,0,0,0
pm_css_sat,random_pm_css_sat_17_8_positive,,17,8,True,,,42,10,5400.0,13958643712,1.656978192,2.098185603,5.814737597,10,10,0,0,0,0,0
pm_css_sat,random_pm_css_sat_17_12_negative,,17,12,False,,,42,10,5400.0,13958643712,0.114819416,0.002429624,0.117247427,10,10,0,0,0,0,0
pm_css_sat,random_pm_css_sat_17_12_positive,,17,12,True,,,42,10,5400.0,13958643712,0.125792324,0.009430177,0.144592202,10,10,0,0,0,0,0
pm_css_sat,random_pm_css_sat_17_16_negative,,17,16,False,,,42,10,5400.0,13958643712,0.588818585,0.823218071,2.233419850,10,10,0,0,0,0,0
pm_css_sat,random_pm_css_sat_17_16_positive,,17,16,True,,,42,10,5400.0,13958643712,0.075222374,0.002296348,0.079161908,10,10,0,0,0,0,0
pm_css_sat,random_pm_css_sat_18_0_negative,,18,0,False,,,42,10,5400.0,13958643712,0.625838315,0.636491278,2.337734331,10,10,0,0,0,0,0
pm_css_sat,random_pm_css_sat_18_0_positive,,18,0,True,,,42,10,5400.0,13958643712,1.314485093,1.511692726,4.322399879,10,10,0,0,0,0,0
pm_css_sat,random_pm_css_sat_18_4_negative,,18,4,False,,,42,10,5400.0,13958643712,21.722996618,42.350832390,137.904138292,10,10,0,0,0,0,0
pm_css_sat,random_pm_css_sat_18_4_positive,,18,4,True,,,42,10,5400.0,13958643712,1166.049798110,2047.067435107,5400.000000000,10,9,0,1,0,0,0
pm_css_sat,random_pm_css_sat_18_8_negative,,18,8,False,,,42,10,5400.0,13958643712,0.551530715,0.777296553,2.562410926,10,10,0,0,0,0,0
pm_css_sat,random_pm_css_sat_18_8_positive,,18,8,True,,,42,10,5400.0,13958643712,14.994117648,22.157680449,51.753212697,10,10,0,0,0,0,0
pm_css_sat,random_pm_css_sat_18_12_negative,,18,12,False,,,42,10,5400.0,13958643712,0.134063178,0.004851508,0.140942275,10,10,0,0,0,0,0
pm_css_sat,random_pm_css_sat_18_12_positive,,18,12,True,,,42,10,5400.0,13958643712,0.164615118,0.048979250,0.294732612,10,10,0,0,0,0,0
pm_css_sat,random_pm_css_sat_18_16_negative,,18,16,False,,,42,10,5400.0,13958643712,0.090945622,0.002648715,0.095262957,10,10,0,0,0,0,0
pm_css_sat,random_pm_css_sat_18_16_positive,,18,16,True,,,42,10,5400.0,13958643712,0.093225377,0.004511101,0.103923605,10,10,0,0,0,0,0
pm_css_sat,random_pm_css_sat_19_0_negative,,19,0,False,,,42,10,5400.0,13958643712,0.590699576,0.445847573,1.814431709,10,10,0,0,0,0,0
pm_css_sat,random_pm_css_sat_19_0_positive,,19,0,True,,,42,10,5400.0,13958643712,4.551104644,6.906788423,17.889944409,10,10,0,0,0,0,0
pm_css_sat,random_pm_css_sat_19_4_negative,,19,4,False,,,42,10,5400.0,13958643712,282.548745194,459.439173156,1275.496793992,10,10,0,0,0,0,0
pm_css_sat,random_pm_css_sat_19_4_positive,,19,4,True,,,42,10,5400.0,13958643712,1622.924678869,2606.440333849,5400.000000000,10,7,0,3,0,0,0
pm_css_sat,random_pm_css_sat_19_8_negative,,19,8,False,,,42,10,5400.0,13958643712,2.809108266,5.447263243,16.186578389,10,10,0,0,0,0,0
pm_css_sat,random_pm_css_sat_19_8_positive,,19,8,True,,,42,10,5400.0,13958643712,177.312980977,468.267936951,1502.903192734,10,10,0,0,0,0,0
pm_css_sat,random_pm_css_sat_19_12_negative,,19,12,False,,,42,10,5400.0,13958643712,0.167485403,0.011602902,0.197767558,10,10,0,0,0,0,0
pm_css_sat,random_pm_css_sat_19_12_positive,,19,12,True,,,42,10,5400.0,13958643712,0.254373315,0.148989142,0.612200321,10,10,0,0,0,0,0
pm_css_sat,random_pm_css_sat_19_16_negative,,19,16,False,,,42,10,5400.0,13958643712,0.109285087,0.003224805,0.113705386,10,10,0,0,0,0,0
pm_css_sat,random_pm_css_sat_19_16_positive,,19,16,True,,,42,10,5400.0,13958643712,0.112741007,0.003539783,0.117429943,10,10,0,0,0,0,0
pm_css_sat,random_pm_css_sat_20_0_negative,,20,0,False,,,42,10,5400.0,13958643712,11.056073561,33.043745967,105.095971035,10,10,0,0,0,0,0
pm_css_sat,random_pm_css_sat_20_0_positive,,20,0,True,,,42,10,5400.0,13958643712,9.744561170,13.885664236,38.838738880,10,10,0,0,0,0,0
pm_css_sat,random_pm_css_sat_20_4_negative,,20,4,False,,,42,10,5400.0,13958643712,1274.862810757,2251.336722891,5400.000000000,10,8,0,2,0,0,0
pm_css_sat,random_pm_css_sat_20_4_positive,,20,4,True,,,42,10,5400.0,13958643712,1260.606268047,2234.495499355,5400.000000000,10,8,0,2,0,0,0
pm_css_sat,random_pm_css_sat_20_8_negative,,20,8,False,,,42,10,5400.0,13958643712,6.722281831,11.238513858,29.315115086,10,10,0,0,0,0,0
pm_css_sat,random_pm_css_sat_20_8_positive,,20,8,True,,,42,10,5400.0,13958643712,220.474667655,427.839863951,1360.995872440,10,10,0,0,0,0,0
pm_css_sat,random_pm_css_sat_20_12_negative,,20,12,False,,,42,10,5400.0,13958643712,0.194126788,0.008115843,0.204357259,10,10,0,0,0,0,0
pm_css_sat,random_pm_css_sat_20_12_positive,,20,12,True,,,42,10,5400.0,13958643712,0.787119229,1.449899448,4.878537451,10,10,0,0,0,0,0
pm_css_sat,random_pm_css_sat_20_16_negative,,20,16,False,,,42,10,5400.0,13958643712,0.129505401,0.005525269,0.135969871,10,10,0,0,0,0,0
pm_css_sat,random_pm_css_sat_20_16_positive,,20,16,True,,,42,10,5400.0,13958643712,0.140694165,0.007738990,0.152532505,10,10,0,0,0,0,0
pm_css_sat,random_pm_css_sat_21_0_negative,,21,0,False,,,42,10,5400.0,13958643712,166.566049846,525.255877427,1661.470482769,10,10,0,0,0,0,0
pm_css_sat,random_pm_css_sat_21_0_positive,,21,0,True,,,42,10,5400.0,13958643712,17.830125633,23.805843504,71.753775643,10,10,0,0,0,0,0
pm_css_sat,random_pm_css_sat_21_4_negative,,21,4,False,,,42,10,5400.0,13958643712,1085.941463629,2273.774942518,5400.000000000,10,8,0,2,0,0,0
pm_css_sat,random_pm_css_sat_21_4_positive,,21,4,True,,,42,10,5400.0,13958643712,1685.914216603,2570.581741656,5400.000000000,10,7,0,3,0,0,0
pm_css_sat,random_pm_css_sat_21_8_negative,,21,8,False,,,42,10,5400.0,13958643712,782.968394558,1475.372139043,4413.275983667,10,10,0,0,0,0,0
pm_css_sat,random_pm_css_sat_21_8_positive,,21,8,True,,,42,10,5400.0,13958643712,1167.769998966,2151.514689855,5400.000000000,10,9,0,1,0,0,0
pm_css_sat,random_pm_css_sat_21_12_negative,,21,12,False,,,42,10,5400.0,13958643712,3.483034447,10.247932168,32.648869893,10,10,0,0,0,0,0
pm_css_sat,random_pm_css_sat_21_12_positive,,21,12,True,,,42,10,5400.0,13958643712,2.079211707,4.241114942,13.606966921,10,10,0,0,0,0,0
pm_css_sat,random_pm_css_sat_21_16_negative,,21,16,False,,,42,10,5400.0,13958643712,0.168633220,0.018199148,0.203714907,10,10,0,0,0,0,0
pm_css_sat,random_pm_css_sat_21_16_positive,,21,16,True,,,42,10,5400.0,13958643712,0.171523886,0.012997186,0.195559926,10,10,0,0,0,0,0
pm_css_sat,random_pm_css_sat_21_20_negative,,21,20,False,,,42,10,5400.0,13958643712,207.023624622,634.336690609,2012.111246382,10,10,0,0,0,0,0
pm_css_sat,random_pm_css_sat_21_20_positive,,21,20,True,,,42,10,5400.0,13958643712,0.103211125,0.001530662,0.106306527,10,10,0,0,0,0,0
pm_css_sat,random_pm_css_sat_22_0_negative,,22,0,False,,,42,10,5400.0,13958643712,3.912266593,8.565871102,27.678159841,10,10,0,0,0,0,0
pm_css_sat,random_pm_css_sat_22_0_positive,,22,0,True,,,42,10,5400.0,13958643712,25.013080582,36.842242926,106.367492876,10,10,0,0,0,0,0
pm_css_sat,random_pm_css_sat_22_4_negative,,22,4,False,,,42,10,5400.0,13958643712,1080.583287822,2276.532609045,5400.000000000,10,8,0,2,0,0,0
pm_css_sat,random_pm_css_sat_22_4_positive,,22,4,True,,,42,8,5400.0,13958643712,2041.171253056,2781.694636355,5400.000000000,8,5,0,3,0,0,0
pm_css_sat,random_pm_css_sat_22_8_negative,,22,8,False,,,42,10,5400.0,13958643712,1080.507661026,2276.572443717,5400.000000000,10,8,0,2,0,0,0
pm_css_sat,random_pm_css_sat_22_8_positive,,22,8,True,,,42,10,5400.0,13958643712,1134.170823497,2094.705684568,5400.000000000,10,9,0,1,0,0,0
pm_css_sat,random_pm_css_sat_22_12_negative,,22,12,False,,,42,10,5400.0,13958643712,20.919897355,37.692418994,93.411533692,10,10,0,0,0,0,0
pm_css_sat,random_pm_css_sat_22_12_positive,,22,12,True,,,42,10,5400.0,13958643712,7.729423153,14.003869792,34.487227654,10,10,0,0,0,0,0
pm_css_sat,random_pm_css_sat_22_16_negative,,22,16,False,,,42,10,5400.0,13958643712,0.205028046,0.039729374,0.303702462,10,10,0,0,0,0,0
pm_css_sat,random_pm_css_sat_22_16_positive,,22,16,True,,,42,10,5400.0,13958643712,0.211147005,0.026743680,0.260552123,10,10,0,0,0,0,0
pm_css_sat,random_pm_css_sat_22_20_negative,,22,20,False,,,42,10,5400.0,13958643712,0.139849197,0.031787683,0.227068355,10,10,0,0,0,0,0
pm_css_sat,random_pm_css_sat_22_20_positive,,22,20,True,,,42,10,5400.0,13958643712,0.127125657,0.006186178,0.142720273,10,10,0,0,0,0,0
pm_css_sat,random_pm_css_sat_23_0_negative,,23,0,False,,,42,10,5400.0,13958643712,129.912328684,405.797153475,1284.817944208,10,10,0,0,0,0,0
pm_css_sat,random_pm_css_sat_23_0_positive,,23,0,True,,,42,10,5400.0,13958643712,50.496089584,71.496588230,176.744271147,10,10,0,0,0,0,0
pm_css_sat,random_pm_css_sat_23_4_negative,,23,4,False,,,42,10,5400.0,13958643712,1620.362065552,2608.197965950,5400.000000000,10,7,0,3,0,0,0
pm_css_sat,random_pm_css_sat_23_4_positive,,23,4,True,,,42,8,5400.0,13958643712,2026.390740629,2793.614594413,5400.000000000,8,5,0,3,0,0,0
pm_css_sat,random_pm_css_sat_23_8_negative,,23,8,False,,,42,10,5400.0,13958643712,1620.473590911,2608.121057270,5400.000000000,10,7,0,3,0,0,0
pm_css_sat,random_pm_css_sat_23_8_positive,,23,8,True,,,42,10,5400.0,13958643712,1621.898499586,2607.139760029,5400.000000000,10,7,0,3,0,0,0
pm_css_sat,random_pm_css_sat_23_12_negative,,23,12,False,,,42,10,5400.0,13958643712,478.524237806,1304.622026589,4166.371417508,10,10,0,0,0,0,0
pm_css_sat,random_pm_css_sat_23_12_positive,,23,12,True,,,42,10,5400.0,13958643712,34.790574646,90.016865917,289.538669428,10,10,0,0,0,0,0
pm_css_sat,random_pm_css_sat_23_16_negative,,23,16,False,,,42,10,5400.0,13958643712,0.260560388,0.096410502,0.525719923,10,10,0,0,0,0,0
pm_css_sat,random_pm_css_sat_23_16_positive,,23,16,True,,,42,10,5400.0,13958643712,0.283474826,0.079880461,0.473394715,10,10,0,0,0,0,0
pm_css_sat,random_pm_css_sat_23_20_negative,,23,20,False,,,42,10,5400.0,13958643712,0.153101775,0.009406938,0.170363348,10,10,0,0,0,0,0
pm_css_sat,random_pm_css_sat_23_20_positive,,23,20,True,,,42,10,5400.0,13958643712,0.156336061,0.006018312,0.165318082,10,10,0,0,0,0,0
pm_css_sat,random_pm_css_sat_24_0_negative,,24,0,False,,,42,10,5400.0,13958643712,103.644155273,325.668105359,1030.511821455,10,10,0,0,0,0,0
pm_css_sat,random_pm_css_sat_24_0_positive,,24,0,True,,,42,10,5400.0,13958643712,108.013141410,129.489759297,332.189286926,10,10,0,0,0,0,0
pm_css_sat,random_pm_css_sat_24_4_negative,,24,4,False,,,42,10,5400.0,13958643712,1755.426896911,2549.281894203,5400.000000000,10,7,0,3,0,0,0
pm_css_sat,random_pm_css_sat_24_4_positive,,24,4,True,,,42,8,5400.0,13958643712,2029.157778084,2791.333967090,5400.000000000,8,5,0,3,0,0,0
pm_css_sat,random_pm_css_sat_24_8_negative,,24,8,False,,,42,10,5400.0,13958643712,1621.072247546,2607.708349192,5400.000000000,10,7,0,3,0,0,0
pm_css_sat,random_pm_css_sat_24_8_positive,,24,8,True,,,42,10,5400.0,13958643712,1812.062805878,2544.590022806,5400.000000000,10,7,0,3,0,0,0
pm_css_sat,random_pm_css_sat_24_12_negative,,24,12,False,,,42,10,5400.0,13958643712,1240.750852755,1828.939000788,5400.000000000,10,9,0,1,0,0,0
pm_css_sat,random_pm_css_sat_24_12_positive,,24,12,True,,,42,10,5400.0,13958643712,888.070521101,1450.521546565,4137.352090163,10,10,0,0,0,0,0
pm_css_sat,random_pm_css_sat_24_16_negative,,24,16,False,,,42,10,5400.0,13958643712,0.932936785,1.820771043,6.087092859,10,10,0,0,0,0,0
pm_css_sat,random_pm_css_sat_24_16_positive,,24,16,True,,,42,10,5400.0,13958643712,2.466195872,6.025222375,19.555352387,10,10,0,0,0,0,0
pm_css_sat,random_pm_css_sat_24_20_negative,,24,20,False,,,42,10,5400.0,13958643712,0.180487953,0.012189752,0.201481165,10,10,0,0,0,0,0
pm_css_sat,random_pm_css_sat_24_20_positive,,24,20,True,,,42,10,5400.0,13958643712,0.190540669,0.007786236,0.202133243,10,10,0,0,0,0,0
pm_css_sat,random_pm_css_sat_25_0_negative,,25,0,False,,,42,10,5400.0,13958643712,568.970631794,1699.775175127,5400.000000000,10,9,0,1,0,0,0
pm_css_sat,random_pm_css_sat_25_0_positive,,25,0,True,,,42,10,5400.0,13958643712,135.504718686,196.785335877,490.787379023,10,10,0,0,0,0,0
pm_css_sat,random_pm_css_sat_25_4_negative,,25,4,False,,,42,10,5400.0,13958643712,1715.296282866,2559.358067636,5400.000000000,10,7,0,3,0,0,0
pm_css_sat,random_pm_css_sat_25_4_positive,,25,4,True,,,42,8,5400.0,13958643712,2027.839701377,2792.415673450,5400.000000000,8,5,0,3,0,0,0
pm_css_sat,random_pm_css_sat_25_8_negative,,25,8,False,,,42,10,5400.0,13958643712,1705.664518123,2562.794641749,5400.000000000,10,7,0,3,0,0,0
pm_css_sat,random_pm_css_sat_25_8_positive,,25,8,True,,,42,10,5400.0,13958643712,1669.765027680,2577.298310937,5400.000000000,10,7,0,3,0,0,0
pm_css_sat,random_pm_css_sat_25_12_negative,,25,12,False,,,42,10,5400.0,13958643712,1295.557687609,1816.797390115,5400.000000000,10,9,0,1,0,0,0
pm_css_sat,random_pm_css_sat_25_12_positive,,25,12,True,,,42,8,5400.0,13958643712,2025.399369689,2794.434826080,5400.000000000,8,5,0,3,0,0,0
pm_css_sat,random_pm_css_sat_25_16_negative,,25,16,False,,,42,10,5400.0,13958643712,4.275443746,11.040894080,35.460642403,10,10,0,0,0,0,0
pm_css_sat,random_pm_css_sat_25_16_positive,,25,16,True,,,42,10,5400.0,13958643712,1.702145291,2.015296400,6.131144901,10,10,0,0,0,0,0
pm_css_sat,random_pm_css_sat_25_20_negative,,25,20,False,,,42,10,5400.0,13958643712,0.221038060,0.023373049,0.256909129,10,10,0,0,0,0,0
pm_css_sat,random_pm_css_sat_25_20_positive,,25,20,True,,,42,10,5400.0,13958643712,0.227998149,0.010034438,0.242483407,10,10,0,0,0,0,0
pm_css_sat,random_pm_css_sat_25_24_negative,,25,24,False,,,42,10,5400.0,13958643712,918.920815497,1686.780659579,5400.000000000,10,9,0,1,0,0,0
pm_css_sat,random_pm_css_sat_25_24_positive,,25,24,True,,,42,10,5400.0,13958643712,0.137643591,0.001033489,0.138680346,10,10,0,0,0,0,0
pm_css_sat,random_pm_css_sat_26_0_negative,,26,0,False,,,42,10,5400.0,13958643712,389.479306807,1226.136325945,3879.121649989,10,10,0,0,0,0,0
pm_css_sat,random_pm_css_sat_26_0_positive,,26,0,True,,,42,10,5400.0,13958643712,236.913337223,352.739715069,1058.943365806,10,10,0,0,0,0,0
pm_css_sat,random_pm_css_sat_26_4_negative,,26,4,False,,,42,10,5400.0,13958643712,1655.328451508,2586.304240031,5400.000000000,10,7,0,3,0,0,0
pm_css_sat,random_pm_css_sat_26_4_positive,,26,4,True,,,42,8,5400.0,13958643712,2047.163248825,2776.565293899,5400.000000000,8,5,0,3,0,0,0
pm_css_sat,random_pm_css_sat_26_8_negative,,26,8,False,,,42,8,5400.0,13958643712,2025.660843596,2794.218410494,5400.000000000,8,5,0,3,0,0,0
pm_css_sat,random_pm_css_sat_26_8_positive,,26,8,True,,,42,8,5400.0,13958643712,2030.514158527,2790.231193610,5400.000000000,8,5,0,3,0,0,0
pm_css_sat,random_pm_css_sat_26_12_negative,,26,12,False,,,42,10,5400.0,13958643712,572.630659864,1698.110528928,5400.000000000,10,9,0,1,0,0,0
pm_css_sat,random_pm_css_sat_26_12_positive,,26,12,True,,,42,10,5400.0,13958643712,1622.803565966,2606.522832355,5400.000000000,10,7,0,3,0,0,0
pm_css_sat,random_pm_css_sat_26_16_negative,,26,16,False,,,42,10,5400.0,13958643712,138.055094124,269.040099383,882.539514010,10,10,0,0,0,0,0
pm_css_sat,random_pm_css_sat_26_16_positive,,26,16,True,,,42,10,5400.0,13958643712,2.798723728,3.904932412,12.172230662,10,10,0,0,0,0,0
pm_css_sat,random_pm_css_sat_26_20_negative,,26,20,False,,,42,10,5400.0,13958643712,0.251904614,0.022667061,0.308985184,10,10,0,0,0,0,0
pm_css_sat,random_pm_css_sat_26_20_positive,,26,20,True,,,42,10,5400.0,13958643712,0.276465503,0.035276024,0.371905808,10,10,0,0,0,0,0
pm_css_sat,random_pm_css_sat_26_24_negative,,26,24,False,,,42,10,5400.0,13958643712,0.974297035,1.110314478,2.880942058,10,10,0,0,0,0,0
pm_css_sat,random_pm_css_sat_26_24_positive,,26,24,True,,,42,10,5400.0,13958643712,0.176850303,0.012854865,0.201682202,10,10,0,0,0,0,0
pm_css_sat,random_pm_css_sat_28_0_negative,,28,0,False,,,42,10,5400.0,13958643712,52.068661800,155.171186145,493.503510250,10,10,0,0,0,0,0
pm_css_sat,random_pm_css_sat_28_0_positive,,28,0,True,,,42,10,5400.0,13958643712,617.796958346,951.605985685,2571.546440240,10,10,0,0,0,0,0
pm_css_sat,random_pm_css_sat_28_4_negative,,28,4,False,,,42,7,5400.0,13958643712,1514.079470686,2581.431941659,5400.000000000,7,6,0,1,0,0,0
pm_css_sat,random_pm_css_sat_28_4_positive,,28,4,True,,,42,7,5400.0,13958643712,1585.868840456,2607.440153984,5400.000000000,7,5,0,2,0,0,0
pm_css_sat,random_pm_css_sat_28_8_negative,,28,8,False,,,42,7,5400.0,13958643712,1543.378642774,2634.573945128,5400.000000000,7,5,0,2,0,0,0
pm_css_sat,random_pm_css_sat_28_8_positive,,28,8,True,,,42,7,5400.0,13958643712,1545.533648459,2633.105672881,5400.000000000,7,5,0,2,0,0,0
pm_css_sat,random_pm_css_sat_28_12_negative,,28,12,False,,,42,7,5400.0,13958643712,1543.373944072,2634.577156291,5400.000000000,7,5,0,2,0,0,0
pm_css_sat,random_pm_css_sat_28_12_positive,,28,12,True,,,42,7,5400.0,13958643712,801.072259663,2029.252702011,5400.000000000,7,6,0,1,0,0,0
pm_css_sat,random_pm_css_sat_28_16_negative,,28,16,False,,,42,7,5400.0,13958643712,813.888161484,2023.856793650,5400.000000000,7,6,0,1,0,0,0
pm_css_sat,random_pm_css_sat_28_16_positive,,28,16,True,,,42,7,5400.0,13958643712,408.580066396,775.267876632,2018.833646105,7,7,0,0,0,0,0
pm_css_sat,random_pm_css_sat_28_20_negative,,28,20,False,,,42,7,5400.0,13958643712,0.361750692,0.027685985,0.415047378,7,7,0,0,0,0,0
pm_css_sat,random_pm_css_sat_28_20_positive,,28,20,True,,,42,7,5400.0,13958643712,0.795674232,1.006395871,3.066720128,7,7,0,0,0,0,0
pm_css_sat,random_pm_css_sat_28_24_negative,,28,24,False,,,42,7,5400.0,13958643712,0.245102536,0.025877797,0.286478155,7,7,0,0,0,0,0
pm_css_sat,random_pm_css_sat_28_24_positive,,28,24,True,,,42,7,5400.0,13958643712,0.254432617,0.018134962,0.272805497,7,7,0,0,0,0,0
pm_css_sat,random_pm_css_sat_30_0_negative,,30,0,False,,,42,7,5400.0,13958643712,774.409699656,2039.698308252,5400.000000000,7,6,0,1,0,0,0
pm_css_sat,random_pm_css_sat_30_0_positive,,30,0,True,,,42,7,5400.0,13958643712,1219.496352195,1980.903830988,5400.000000000,7,6,0,1,0,0,0
pm_css_sat,random_pm_css_sat_30_4_negative,,30,4,False,,,42,7,5400.0,13958643712,1876.186234326,2552.730645614,5400.000000000,7,5,0,2,0,0,0
pm_css_sat,random_pm_css_sat_30_4_positive,,30,4,True,,,42,7,5400.0,13958643712,1550.816775640,2629.503869874,5400.000000000,7,5,0,2,0,0,0
pm_css_sat,random_pm_css_sat_30_5_negative,,30,5,False,,,42,7,5400.0,13958643712,1563.176920251,2621.521748184,5400.000000000,7,5,0,2,0,0,0
pm_css_sat,random_pm_css_sat_30_5_positive,,30,5,True,,,42,7,5400.0,13958643712,1734.453670754,2545.630984203,5400.000000000,7,5,0,2,0,0,0
pm_css_sat,random_pm_css_sat_30_8_negative,,30,8,False,,,42,7,5400.0,13958643712,1897.012859858,2557.877490254,5400.000000000,7,5,0,2,0,0,0
pm_css_sat,random_pm_css_sat_30_8_positive,,30,8,True,,,42,7,5400.0,13958643712,1553.185011091,2627.893593245,5400.000000000,7,5,0,2,0,0,0
pm_css_sat,random_pm_css_sat_30_10_negative,,30,10,False,,,42,7,5400.0,13958643712,1543.470630763,2634.511105343,5400.000000000,7,5,0,2,0,0,0
pm_css_sat,random_pm_css_sat_30_10_positive,,30,10,True,,,42,7,5400.0,13958643712,1544.708676875,2633.665758231,5400.000000000,7,5,0,2,0,0,0
pm_css_sat,random_pm_css_sat_30_15_negative,,30,15,False,,,42,7,5400.0,13958643712,774.914536331,2039.484989878,5400.000000000,7,6,0,1,0,0,0
pm_css_sat,random_pm_css_sat_30_15_positive,,30,15,True,,,42,7,5400.0,13958643712,789.069200463,2033.469223166,5400.000000000,7,6,0,1,0,0,0
pm_css_sat,random_pm_css_sat_30_20_negative,,30,20,False,,,42,7,5400.0,13958643712,0.514943722,0.141990581,0.814921070,7,7,0,0,0,0,0
pm_css_sat,random_pm_css_sat_30_20_positive,,30,20,True,,,42,7,5400.0,13958643712,12.346291785,30.484801365,81.467734213,7,7,0,0,0,0,0
pm_css_sat,random_pm_css_sat_30_25_negative,,30,25,False,,,42,7,5400.0,13958643712,0.281593474,0.010538572,0.296992711,7,7,0,0,0,0,0
pm_css_sat,random_pm_css_sat_30_25_positive,,30,25,True,,,42,7,5400.0,13958643712,0.315321997,0.026108299,0.363657741,7,7,0,0,0,0,0
pm_css_sat,random_pm_css_sat_32_0_negative,,32,0,False,,,42,7,5400.0,13958643712,780.305641039,2037.142183927,5400.000000000,7,6,0,1,0,0,0
pm_css_sat,random_pm_css_sat_32_0_positive,,32,0,True,,,42,7,5400.0,13958643712,2120.664553217,2474.078919879,5400.000000000,7,5,0,2,0,0,0
pm_css_sat,random_pm_css_sat_32_4_negative,,32,4,False,,,42,7,5400.0,13958643712,830.906920752,2018.076159826,5400.000000000,7,6,0,1,0,0,0
pm_css_sat,random_pm_css_sat_32_4_positive,,32,4,True,,,42,7,5400.0,13958643712,1677.495532740,2553.276135925,5400.000000000,7,5,0,2,0,0,0
pm_css_sat,random_pm_css_sat_32_5_negative,,32,5,False,,,42,7,5400.0,13958643712,2315.089324853,2885.669704250,5400.000000000,7,4,0,3,0,0,0
pm_css_sat,random_pm_css_sat_32_5_positive,,32,5,True,,,42,7,5400.0,13958643712,1564.899255227,2619.993835419,5400.000000000,7,5,0,2,0,0,0
pm_css_sat,random_pm_css_sat_32_8_negative,,32,8,False,,,42,7,5400.0,13958643712,2021.837488560,2610.706979158,5400.000000000,7,5,0,2,0,0,0
pm_css_sat,random_pm_css_sat_32_8_positive,,32,8,True,,,42,7,5400.0,13958643712,1580.346593349,2610.754646049,5400.000000000,7,5,0,2,0,0,0
pm_css_sat,random_pm_css_sat_32_10_negative,,32,10,False,,,42,7,5400.0,13958643712,1544.059027251,2634.109340206,5400.000000000,7,5,0,2,0,0,0
pm_css_sat,random_pm_css_sat_32_10_positive,,32,10,True,,,42,7,5400.0,13958643712,1552.230611608,2628.549761900,5400.000000000,7,5,0,2,0,0,0
pm_css_sat,random_pm_css_sat_32_15_negative,,32,15,False,,,42,7,5400.0,13958643712,778.901189738,2037.745208026,5400.000000000,7,6,0,1,0,0,0
pm_css_sat,random_pm_css_sat_32_15_positive,,32,15,True,,,42,7,5400.0,13958643712,1356.427817297,2323.740520239,5400.000000000,7,6,0,1,0,0,0
pm_css_sat,random_pm_css_sat_32_20_negative,,32,20,False,,,42,7,5400.0,13958643712,273.798095465,697.574672034,1855.029399732,7,7,0,0,0,0,0
pm_css_sat,random_pm_css_sat_32_20_positive,,32,20,True,,,42,7,5400.0,13958643712,1393.163810305,2395.817217277,5400.000000000,7,6,0,1,0,0,0
pm_css_sat,random_pm_css_sat_32_25_negative,,32,25,False,,,42,7,5400.0,13958643712,0.391472486,0.017080177,0.410272677,7,7,0,0,0,0,0
pm_css_sat,random_pm_css_sat_32_25_positive,,32,25,True,,,42,7,5400.0,13958643712,0.444424037,0.061184772,0.540503068,7,7,0,0,0,0,0
pm_css_sat,random_pm_css_sat_32_30_negative,,32,30,False,,,42,7,5400.0,13958643712,0.248158539,0.037835723,0.332955944,7,7,0,0,0,0,0
pm_css_sat,random_pm_css_sat_32_30_positive,,32,30,True,,,42,7,5400.0,13958643712,2.827357958,5.333456710,14.812727780,7,7,0,0,0,0,0
pm_css_sat,random_pm_css_sat_37_0_negative,,37,0,False,,,42,7,5400.0,13958643712,807.842049541,2026.095692623,5400.000000000,7,6,0,1,0,0,0
pm_css_sat,random_pm_css_sat_37_0_positive,,37,0,True,,,42,6,5400.0,13958643712,3435.731034877,2399.404485431,5400.000000000,6,3,0,3,0,0,0
pm_css_sat,random_pm_css_sat_37_4_negative,,37,4,False,,,42,7,5400.0,13958643712,1544.755188508,2633.633601406,5400.000000000,7,5,0,2,0,0,0
pm_css_sat,random_pm_css_sat_37_4_positive,,37,4,True,,,42,7,5400.0,13958643712,2578.724306242,2677.554634803,5400.000000000,7,4,0,3,0,0,0
pm_css_sat,random_pm_css_sat_37_5_negative,,37,5,False,,,42,7,5400.0,13958643712,1545.012225504,2633.458282902,5400.000000000,7,5,0,2,0,0,0
pm_css_sat,random_pm_css_sat_37_5_positive,,37,5,True,,,42,7,5400.0,13958643712,2384.978500690,2821.849328258,5400.000000000,7,4,0,3,0,0,0
pm_css_sat,random_pm_css_sat_37_8_negative,,37,8,False,,,42,7,5400.0,13958643712,2315.575801978,2885.214659090,5400.000000000,7,4,0,3,0,0,0
pm_css_sat,random_pm_css_sat_37_30_positive,,37,30,True,,,42,10,600.0,13958643712,0.723640283,0.387828454,1.550517412,10,10,0,0,0,0,0
pm_css_sat,random_pm_css_sat_37_35_positive,,37,35,True,,,42,10,600.0,13958643712,23.144740047,51.412225075,158.310491980,10,10,0,0,0,0,0
pm_css_sat,random_pm_css_sat_42_35_positive,,42,35,True,,,42,10,600.0,13958643712,0.773528210,0.162424979,1.144244170,10,10,0,0,0,0,0
pm_css_sat,random_pm_css_sat_42_40_positive,,42,40,True,,,42,10,600.0,13958643712,9.566142032,13.021329778,36.011911474,10,10,0,0,0,0,0
pm_css_sat,random_pm_css_sat_47_40_positive,,47,40,True,,,42,10,600.0,13958643712,1.082038554,0.502200498,2.446448576,10,10,0,0,0,0,0
pm_css_sat,random_pm_css_sat_47_45_positive,,47,45,True,,,42,10,600.0,13958643712,84.003166721,103.496990329,325.531872970,10,10,0,0,0,0,0
pm_css_sat,random_pm_css_sat_37_30_independent_certified_negative,,37,30,False,,,42,10,600.0,13958643712,0.502759297,0.020182435,0.527819443,10,10,0,0,0,0,0
pm_css_sat,random_pm_css_sat_37_35_independent_certified_negative,,37,35,False,,,42,10,600.0,13958643712,3.623769150,6.946016556,18.316938597,10,10,0,0,0,0,0
pm_css_sat,random_pm_css_sat_42_35_independent_certified_negative,,42,35,False,,,42,10,600.0,13958643712,0.632814886,0.032804948,0.695004110,10,10,0,0,0,0,0
pm_css_sat,random_pm_css_sat_42_40_independent_certified_negative,,42,40,False,,,42,10,600.0,13958643712,83.498218746,191.094888331,600.015612490,10,9,0,1,0,0,0
pm_css_sat,random_pm_css_sat_47_40_independent_certified_negative,,47,40,False,,,42,10,600.0,13958643712,0.793635707,0.030676118,0.840572315,10,10,0,0,0,0,0
pm_css_sat,random_pm_css_sat_47_45_independent_certified_negative,,47,45,False,,,42,10,5400.0,13958643712,1102.467924572,2265.689703234,5400.015537279,10,8,0,2,0,0,0
pm_css_sat,random_pm_css_sat_37_25_positive,,37,25,True,,,42,10,5400.0,13958643712,2174.478045376,2776.226109877,5400.019206695,10,6,0,4,0,0,0
pm_css_sat,random_pm_css_sat_37_25_independent_certified_negative,,37,25,False,,,42,10,5400.0,13958643712,4.003595312,8.062141304,26.530427053,10,10,0,0,0,0,0
pm_css_sat,random_pm_css_sat_42_30_positive,,42,30,True,,,42,10,5400.0,13958643712,1691.240365994,2561.389292732,5400.015278321,10,8,0,2,0,0,0
pm_css_sat,random_pm_css_sat_42_30_independent_certified_negative,,42,30,False,,,42,10,5400.0,13958643712,772.952055525,1764.595482738,5400.016506170,10,9,0,1,0,0,0
pm_css_sat,random_pm_css_sat_47_35_positive,,47,35,True,,,42,10,5400.0,13958643712,1613.935487576,2075.590108367,5400.014878330,10,9,0,1,0,0,0
pm_css_sat,random_pm_css_sat_47_35_independent_certified_negative,,47,35,False,,,42,10,5400.0,13958643712,576.460662112,1697.899657780,5400.016925187,10,9,0,1,0,0,0
pm_css_sat,random_pm_css_sat_37_20_positive,,37,20,True,,,42,10,5400.0,13958643712,2183.211914790,2769.219745477,5400.015315356,10,6,0,4,0,0,0
pm_css_sat,random_pm_css_sat_37_20_independent_certified_negative,,37,20,False,,,42,10,5400.0,13958643712,1640.150546805,2595.242229755,5400.016584915,10,7,0,3,0,0,0
pm_css_sat,random_pm_css_sat_42_25_positive,,42,25,True,,,42,10,5400.0,13958643712,2198.557154624,2756.851228732,5400.016453377,10,6,0,4,0,0,0
pm_css_sat,random_pm_css_sat_42_25_independent_certified_negative,,42,25,False,,,42,10,5400.0,13958643712,1209.229220267,2023.616012328,5400.015954127,10,9,0,1,0,0,0
pm_css_sat,random_pm_css_sat_47_30_positive,,47,30,True,,,42,10,5400.0,13958643712,2421.228725285,2632.123511027,5400.015672879,10,6,0,4,0,0,0
pm_css_sat,random_pm_css_sat_47_30_independent_certified_negative,,47,30,False,,,42,10,5400.0,13958643712,2168.879086791,2780.957058679,5400.016573547,10,6,0,4,0,0,0
pm_css_sat,random_pm_css_sat_37_15_positive,,37,15,True,,,42,10,5400.0,13958643712,2167.041639429,2782.513350786,5400.017795806,10,6,0,4,0,0,0
pm_css_sat,random_pm_css_sat_37_15_independent_certified_negative,,37,15,False,,,42,10,5400.0,13958643712,1645.174635873,2592.156212813,5400.016300877,10,7,0,3,0,0,0
pm_css_sat,random_pm_css_sat_42_20_positive,,42,20,True,,,42,10,5400.0,13958643712,2167.065168420,2782.496557630,5400.017500052,10,6,0,4,0,0,0
pm_css_sat,random_pm_css_sat_42_20_independent_certified_negative,,42,20,False,,,42,10,5400.0,13958643712,1223.899751587,2245.166876725,5400.015280053,10,8,0,2,0,0,0
pm_css_sat,random_pm_css_sat_47_25_positive,,47,25,True,,,42,10,5400.0,13958643712,2178.144693957,2773.068663227,5400.014935141,10,6,0,4,0,0,0
pm_css_sat,random_pm_css_sat_47_25_independent_certified_negative,,47,25,False,,,42,10,5400.0,13958643712,2168.760358529,2781.108208511,5400.015136557,10,6,0,4,0,0,0
pm_css_sat,random_pm_css_sat_37_10_positive,,37,10,True,,,42,10,5400.0,13958643712,2781.409905423,2768.355798530,5400.015685089,10,5,0,5,0,0,0
pm_css_sat,random_pm_css_sat_37_10_independent_certified_negative,,37,10,False,,,42,10,5400.0,13958643712,2194.556467875,2760.693044883,5400.016295196,10,6,0,4,0,0,0
pm_css_sat,random_pm_css_sat_42_15_positive,,42,15,True,,,42,10,5400.0,13958643712,2286.697544484,2689.232430396,5400.018511402,10,6,0,4,0,0,0
pm_css_sat,random_pm_css_sat_42_15_independent_certified_negative,,42,15,False,,,42,10,5400.0,13958643712,2161.475532728,2787.289822212,5400.014526511,10,6,0,4,0,0,0
pm_css_sat,random_pm_css_sat_47_20_positive,,47,20,True,,,42,10,5400.0,13958643712,2379.595927187,2648.176919398,5400.017304506,10,6,0,4,0,0,0
pm_css_sat,random_pm_css_sat_47_20_independent_certified_negative,,47,20,False,,,42,10,5400.0,13958643712,1570.146174156,2229.010461768,5400.015575006,10,8,0,2,0,0,0
pm_css_sat,random_pm_css_sat_37_8_positive,,37,8,True,,,42,10,5400.0,13958643712,2764.318758282,2780.154673530,5400.017626677,10,5,0,5,0,0,0
pm_css_sat,random_pm_css_sat_37_8_independent_certified_negative,,37,8,False,,,42,10,5400.0,13958643712,2379.759870285,2683.002129101,5400.019889718,10,6,0,4,0,0,0
pm_css_sat,random_pm_css_sat_37_5_positive,,37,5,True,,,42,10,5400.0,13958643712,3060.770380297,2628.392525819,5400.014715725,10,5,0,5,0,0,0
pm_css_sat,random_pm_css_sat_37_5_independent_certified_negative,,37,5,False,,,42,10,5400.0,13958643712,2163.380085001,2785.654863662,5400.014127032,10,6,0,4,0,0,0
pm_css_sat,random_pm_css_sat_42_10_positive,,42,10,True,,,42,5,5400.0,13958643712,2181.368508047,2938.343767555,5400.014217594,5,3,0,2,0,0,0
pm_css_sat,random_pm_css_sat_42_10_independent_certified_negative,,42,10,False,,,42,5,5400.0,13958643712,2161.863624164,2956.011419065,5400.012025588,5,3,0,2,0,0,0
pm_css_sat,random_pm_css_sat_47_15_positive,,47,15,True,,,42,5,5400.0,13958643712,2220.500487449,2904.144776231,5400.015662965,5,3,0,2,0,0,0
pm_css_sat,random_pm_css_sat_47_15_independent_certified_negative,,47,15,False,,,42,5,5400.0,13958643712,2167.768747326,2950.645006783,5400.013667290,5,3,0,2,0,0,0
pm_css_sat,random_pm_css_sat_37_4_positive,,37,4,True,,,42,5,5400.0,13958643712,2254.996788951,2875.896402596,5400.015040169,5,3,0,2,0,0,0
pm_css_sat,random_pm_css_sat_37_4_independent_certified_negative,,37,4,False,,,42,5,5400.0,13958643712,2163.933391267,2954.124739654,5400.013589895,5,3,0,2,0,0,0
pm_css_sat,random_pm_css_sat_42_8_positive,,42,8,True,,,42,5,5400.0,13958643712,2328.787000681,2818.582129561,5400.013020381,5,3,0,2,0,0,0
pm_css_sat,random_pm_css_sat_42_8_independent_certified_negative,,42,8,False,,,42,5,5400.0,13958643712,2163.837948643,2954.210532703,5400.012640624,5,3,0,2,0,0,0
pm_css_sat,random_pm_css_sat_37_0_positive,,37,0,True,,,42,5,5400.0,13958643712,2882.395117430,2443.293908884,5400.015980111,5,3,0,2,0,0,0
pm_css_sat,random_pm_css_sat_37_0_independent_certified_negative,,37,0,False,,,42,5,5400.0,13958643712,1085.907398107,2411.670584958,5400.013216219,5,4,0,1,0,0,0
pm_css_sat,random_pm_css_sat_42_5_positive,,42,5,True,,,42,5,5400.0,13958643712,2468.541707190,2689.556185848,5400.013796243,5,3,0,2,0,0,0
pm_css_sat,random_pm_css_sat_42_5_independent_certified_negative,,42,5,False,,,42,5,5400.0,13958643712,2173.121195043,2945.817247070,5400.012362149,5,3,0,2,0,0,0
pm_css_sat,random_pm_css_sat_47_10_positive,,47,10,True,,,42,5,5400.0,13958643712,2482.149706043,2714.496226033,5400.014221311,5,3,0,2,0,0,0
pm_css_sat,random_pm_css_sat_47_10_independent_certified_negative,,47,10,False,,,42,5,5400.0,13958643712,2196.680498248,2925.029230270,5400.013290162,5,3,0,2,0,0,0
pm_css_sat,random_pm_css_sat_42_4_positive,,42,4,True,,,42,5,5400.0,13958643712,2928.772958434,2594.742542254,5400.013639420,5,3,0,2,0,0,0
pm_css_sat,random_pm_css_sat_42_4_independent_certified_negative,,42,4,False,,,42,5,5400.0,13958643712,2170.326928830,2948.306343208,5400.014360863,5,3,0,2,0,0,0
