problem,code,positive,seed,n,k,status,runtime_seconds,decided_by,stuck_at,timeout_seconds,error
pm_css,bell,True,89,2,0,success,0.002191607,BF,,5400.0,
pm_css,bell,True,773,2,0,success,0.002325400,BF,,5400.0,
pm_css,bell,True,654,2,0,success,0.002142507,BF,,5400.0,
pm_css,bell,True,438,2,0,success,0.002141896,BF,,5400.0,
pm_css,bell,True,433,2,0,success,0.002104646,BF,,5400.0,
pm_css,bell,True,858,2,0,success,0.002291880,BF,,5400.0,
pm_css,bell,True,85,2,0,success,0.002091876,BF,,5400.0,
pm_css,bell,True,697,2,0,success,0.002091876,BF,,5400.0,
pm_css,bell,True,201,2,0,success,0.002451072,BF,,5400.0,
pm_css,bell,True,94,2,0,success,0.002267019,BF,,5400.0,
pm_css,bell,False,89,2,0,success,0.000634191,CI,,5400.0,
pm_css,bell,False,773,2,0,success,0.000639971,CI,,5400.0,
pm_css,bell,False,654,2,0,success,0.000574590,CI,,5400.0,
pm_css,bell,False,438,2,0,success,0.000593201,CI,,5400.0,
pm_css,bell,False,433,2,0,success,0.000585210,CI,,5400.0,
pm_css,bell,False,858,2,0,success,0.000574910,CI,,5400.0,
pm_css,bell,False,85,2,0,success,0.000758833,CI,,5400.0,
pm_css,bell,False,697,2,0,success,0.000662251,CI,,5400.0,
pm_css,bell,False,201,2,0,success,0.000575250,CI,,5400.0,
pm_css,bell,False,94,2,0,success,0.000572130,CI,,5400.0,
pm_css,3q_rep,True,89,3,1,success,0.002692486,BF,,5400.0,
pm_css,3q_rep,True,773,3,1,success,0.002607725,BF,,5400.0,
pm_css,3q_rep,True,654,3,1,success,0.002717207,BF,,5400.0,
pm_css,3q_rep,True,438,3,1,success,0.002725747,BF,,5400.0,
pm_css,3q_rep,True,433,3,1,success,0.002605294,BF,,5400.0,
pm_css,3q_rep,True,858,3,1,success,0.002944810,BF,,5400.0,
pm_css,3q_rep,True,85,3,1,success,0.002661636,BF,,5400.0,
pm_css,3q_rep,True,697,3,1,success,0.002842349,BF,,5400.0,
pm_css,3q_rep,True,201,3,1,success,0.002603405,BF,,5400.0,
pm_css,3q_rep,True,94,3,1,success,0.002706327,BF,,5400.0,
pm_css,3q_rep,False,89,3,1,success,0.001126289,CI,,5400.0,
pm_css,3q_rep,False,773,3,1,success,0.000665091,CI,,5400.0,
pm_css,3q_rep,False,654,3,1,success,0.000655541,CI,,5400.0,
pm_css,3q_rep,False,438,3,1,success,0.001126119,CI,,5400.0,
pm_css,3q_rep,False,433,3,1,success,0.000657421,CI,,5400.0,
pm_css,3q_rep,False,858,3,1,success,0.000711302,CI,,5400.0,
pm_css,3q_rep,False,85,3,1,success,0.001097379,CI,,5400.0,
pm_css,3q_rep,False,697,3,1,success,0.001177370,CI,,5400.0,
pm_css,3q_rep,False,201,3,1,success,0.001021567,CI,,5400.0,
pm_css,3q_rep,False,94,3,1,success,0.001191801,CI,,5400.0,
pm_css,steane,True,89,7,1,success,0.007331396,MI,,5400.0,
pm_css,steane,True,773,7,1,success,0.007570459,MI,,5400.0,
pm_css,steane,True,654,7,1,success,0.007551559,MI,,5400.0,
pm_css,steane,True,438,7,1,success,0.007295715,MI,,5400.0,
pm_css,steane,True,433,7,1,success,0.007674481,MI,,5400.0,
pm_css,steane,True,858,7,1,success,0.007430738,MI,,5400.0,
pm_css,steane,True,85,7,1,success,0.007458557,MI,,5400.0,
pm_css,steane,True,697,7,1,success,0.007459979,MI,,5400.0,
pm_css,steane,True,201,7,1,success,0.007443707,MI,,5400.0,
pm_css,steane,True,94,7,1,success,0.007380156,MI,,5400.0,
pm_css,steane,False,89,7,1,success,0.000693282,CI,,5400.0,
pm_css,steane,False,773,7,1,success,0.001176290,CI,,5400.0,
pm_css,steane,False,654,7,1,success,0.000748313,CI,,5400.0,
pm_css,steane,False,438,7,1,success,0.001240642,CI,,5400.0,
pm_css,steane,False,433,7,1,success,0.001208110,CI,,5400.0,
pm_css,steane,False,858,7,1,success,0.001250361,CI,,5400.0,
pm_css,steane,False,85,7,1,success,0.001288772,CI,,5400.0,
pm_css,steane,False,697,7,1,success,0.001153360,CI,,5400.0,
pm_css,steane,False,201,7,1,success,0.000781754,CI,,5400.0,
pm_css,steane,False,94,7,1,success,0.001292862,CI,,5400.0,
pm_css,shor,True,89,9,1,success,0.009263019,MI,,5400.0,
pm_css,shor,True,773,9,1,success,0.009524873,MI,,5400.0,
pm_css,shor,True,654,9,1,success,0.009323419,MI,,5400.0,
pm_css,shor,True,438,9,1,success,0.010090393,MI,,5400.0,
pm_css,shor,True,433,9,1,success,0.009219888,MI,,5400.0,
pm_css,shor,True,858,9,1,success,0.009341011,MI,,5400.0,
pm_css,shor,True,85,9,1,success,0.009528293,MI,,5400.0,
pm_css,shor,True,697,9,1,success,0.009245749,MI,,5400.0,
pm_css,shor,True,201,9,1,success,0.009355961,MI,,5400.0,
pm_css,shor,True,94,9,1,success,0.009363591,MI,,5400.0,
pm_css,shor,False,89,9,1,success,0.000734892,CI,,5400.0,
pm_css,shor,False,773,9,1,success,0.000739342,CI,,5400.0,
pm_css,shor,False,654,9,1,success,0.001292522,CI,,5400.0,
pm_css,shor,False,438,9,1,success,0.000745793,CI,,5400.0,
pm_css,shor,False,433,9,1,success,0.000710652,CI,,5400.0,
pm_css,shor,False,858,9,1,success,0.000779943,CI,,5400.0,
pm_css,shor,False,85,9,1,success,0.001341993,CI,,5400.0,
pm_css,shor,False,697,9,1,success,0.000857575,CI,,5400.0,
pm_css,shor,False,201,9,1,success,0.001009197,CI,,5400.0,
pm_css,shor,False,94,9,1,success,0.000804803,CI,,5400.0,
pm_css,carbon,True,89,12,2,success,0.017739625,MI,,5400.0,
pm_css,carbon,True,773,12,2,success,0.017741024,MI,,5400.0,
pm_css,carbon,True,654,12,2,success,0.018121211,MI,,5400.0,
pm_css,carbon,True,438,12,2,success,0.017549040,MI,,5400.0,
pm_css,carbon,True,433,12,2,success,0.018299743,MI,,5400.0,
pm_css,carbon,True,858,12,2,success,0.017810446,MI,,5400.0,
pm_css,carbon,True,85,12,2,success,0.017648043,MI,,5400.0,
pm_css,carbon,True,697,12,2,success,0.017391848,MI,,5400.0,
pm_css,carbon,True,201,12,2,success,0.017519460,MI,,5400.0,
pm_css,carbon,True,94,12,2,success,0.017793535,MI,,5400.0,
pm_css,carbon,False,89,12,2,success,0.011846733,S,,5400.0,
pm_css,carbon,False,773,12,2,success,0.011952295,S,,5400.0,
pm_css,carbon,False,654,12,2,success,0.001361334,CI,,5400.0,
pm_css,carbon,False,438,12,2,success,0.012196299,S,,5400.0,
pm_css,carbon,False,433,12,2,success,0.001357864,CI,,5400.0,
pm_css,carbon,False,858,12,2,success,0.012948991,S,,5400.0,
pm_css,carbon,False,85,12,2,success,0.012826350,S,,5400.0,
pm_css,carbon,False,697,12,2,success,0.012299101,S,,5400.0,
pm_css,carbon,False,201,12,2,success,0.001357313,CI,,5400.0,
pm_css,carbon,False,94,12,2,success,0.001461095,CI,,5400.0,
pm_css,hamming_15,True,89,15,7,success,0.062354118,MI,,5400.0,
pm_css,hamming_15,True,773,15,7,success,0.058136846,MI,,5400.0,
pm_css,hamming_15,True,654,15,7,success,0.059119143,MI,,5400.0,
pm_css,hamming_15,True,438,15,7,success,0.060384324,MI,,5400.0,
pm_css,hamming_15,True,433,15,7,success,0.064071427,MI,,5400.0,
pm_css,hamming_15,True,858,15,7,success,0.057721408,MI,,5400.0,
pm_css,hamming_15,True,85,15,7,success,0.059137073,MI,,5400.0,
pm_css,hamming_15,True,697,15,7,success,0.059487808,MI,,5400.0,
pm_css,hamming_15,True,201,15,7,success,0.059539450,MI,,5400.0,
pm_css,hamming_15,True,94,15,7,success,0.058059995,MI,,5400.0,
pm_css,hamming_15,False,89,15,7,success,0.001430505,CI,,5400.0,
pm_css,hamming_15,False,773,15,7,success,0.001736800,CI,,5400.0,
pm_css,hamming_15,False,654,15,7,success,0.001656119,CI,,5400.0,
pm_css,hamming_15,False,438,15,7,success,0.001408574,CI,,5400.0,
pm_css,hamming_15,False,433,15,7,success,0.001343163,CI,,5400.0,
pm_css,hamming_15,False,858,15,7,success,0.001502416,CI,,5400.0,
pm_css,hamming_15,False,85,15,7,success,0.001542256,CI,,5400.0,
pm_css,hamming_15,False,697,15,7,success,0.001745099,CI,,5400.0,
pm_css,hamming_15,False,201,15,7,success,0.001467265,CI,,5400.0,
pm_css,hamming_15,False,94,15,7,success,0.001412094,CI,,5400.0,
pm_css,tetrahedral,True,89,15,1,success,0.037435151,MI,,5400.0,
pm_css,tetrahedral,True,773,15,1,success,0.041116823,MI,,5400.0,
pm_css,tetrahedral,True,654,15,1,success,0.037087985,MI,,5400.0,
pm_css,tetrahedral,True,438,15,1,success,0.037904708,MI,,5400.0,
pm_css,tetrahedral,True,433,15,1,success,0.037368709,MI,,5400.0,
pm_css,tetrahedral,True,858,15,1,success,0.039938253,MI,,5400.0,
pm_css,tetrahedral,True,85,15,1,success,0.038006530,MI,,5400.0,
pm_css,tetrahedral,True,697,15,1,success,0.038445267,MI,,5400.0,
pm_css,tetrahedral,True,201,15,1,success,0.037666465,MI,,5400.0,
pm_css,tetrahedral,True,94,15,1,success,0.040250929,MI,,5400.0,
pm_css,tetrahedral,False,89,15,1,success,0.001887422,CI,,5400.0,
pm_css,tetrahedral,False,773,15,1,success,0.001484185,CI,,5400.0,
pm_css,tetrahedral,False,654,15,1,success,0.001472755,CI,,5400.0,
pm_css,tetrahedral,False,438,15,1,success,0.001524545,CI,,5400.0,
pm_css,tetrahedral,False,433,15,1,success,0.001472996,CI,,5400.0,
pm_css,tetrahedral,False,858,15,1,success,0.001466895,CI,,5400.0,
pm_css,tetrahedral,False,85,15,1,success,0.001462255,CI,,5400.0,
pm_css,tetrahedral,False,697,15,1,success,0.001683369,CI,,5400.0,
pm_css,tetrahedral,False,201,15,1,success,0.001457375,CI,,5400.0,
pm_css,tetrahedral,False,94,15,1,success,0.001439314,CI,,5400.0,
pm_css,golay,True,89,23,1,success,20.195878462,MI,,5400.0,
pm_css,golay,True,773,23,1,success,20.480806770,MI,,5400.0,
pm_css,golay,True,654,23,1,success,20.056046438,MI,,5400.0,
pm_css,golay,True,438,23,1,success,18.432139079,MI,,5400.0,
pm_css,golay,True,433,23,1,success,16.816018195,MI,,5400.0,
pm_css,golay,True,858,23,1,success,20.185269036,MI,,5400.0,
pm_css,golay,True,85,23,1,success,20.179848987,MI,,5400.0,
pm_css,golay,True,697,23,1,success,20.383152261,MI,,5400.0,
pm_css,golay,True,201,23,1,success,18.635387505,MI,,5400.0,
pm_css,golay,True,94,23,1,success,17.630517376,MI,,5400.0,
pm_css,golay,False,89,23,1,success,0.974998012,S,,5400.0,
pm_css,golay,False,773,23,1,success,0.996777182,S,,5400.0,
pm_css,golay,False,654,23,1,success,1.000213806,S,,5400.0,
pm_css,golay,False,438,23,1,success,0.982142991,S,,5400.0,
pm_css,golay,False,433,23,1,success,0.991117911,S,,5400.0,
pm_css,golay,False,858,23,1,success,0.967202978,S,,5400.0,
pm_css,golay,False,85,23,1,success,1.001368785,S,,5400.0,
pm_css,golay,False,697,23,1,success,0.977484804,S,,5400.0,
pm_css,golay,False,201,23,1,success,0.994533581,S,,5400.0,
pm_css,golay,False,94,23,1,success,0.995599860,S,,5400.0,
pm_css,rot_surf_d5,True,89,25,1,success,0.952348164,MI,,5400.0,
pm_css,rot_surf_d5,True,773,25,1,success,0.978807411,MI,,5400.0,
pm_css,rot_surf_d5,True,654,25,1,success,0.940253839,MI,,5400.0,
pm_css,rot_surf_d5,True,438,25,1,success,0.983791960,MI,,5400.0,
pm_css,rot_surf_d5,True,433,25,1,success,1.032257297,MI,,5400.0,
pm_css,rot_surf_d5,True,858,25,1,success,0.966653257,MI,,5400.0,
pm_css,rot_surf_d5,True,85,25,1,success,0.916175369,MI,,5400.0,
pm_css,rot_surf_d5,True,697,25,1,success,0.947651084,MI,,5400.0,
pm_css,rot_surf_d5,True,201,25,1,success,0.948685705,MI,,5400.0,
pm_css,rot_surf_d5,True,94,25,1,success,1.048805842,MI,,5400.0,
pm_css,rot_surf_d5,False,89,25,1,success,0.001649835,CI,,5400.0,
pm_css,rot_surf_d5,False,773,25,1,success,0.001364181,CI,,5400.0,
pm_css,rot_surf_d5,False,654,25,1,success,0.001646785,CI,,5400.0,
pm_css,rot_surf_d5,False,438,25,1,success,0.689932931,EI,,5400.0,
pm_css,rot_surf_d5,False,433,25,1,success,0.000845463,CI,,5400.0,
pm_css,rot_surf_d5,False,858,25,1,success,0.711051856,S,,5400.0,
pm_css,rot_surf_d5,False,85,25,1,success,0.001773697,CI,,5400.0,
pm_css,rot_surf_d5,False,697,25,1,success,0.001248880,CI,,5400.0,
pm_css,rot_surf_d5,False,201,25,1,success,0.674238523,EI,,5400.0,
pm_css,rot_surf_d5,False,94,25,1,success,0.001930320,CI,,5400.0,
pm_css,hamming_31,True,89,31,21,success,1.799632875,SAT,,5400.0,
pm_css,hamming_31,True,773,31,21,success,1.799550318,SAT,,5400.0,
pm_css,hamming_31,True,654,31,21,success,1.789698021,SAT,,5400.0,
pm_css,hamming_31,True,438,31,21,success,1.770425529,SAT,,5400.0,
pm_css,hamming_31,True,433,31,21,success,1.782703533,SAT,,5400.0,
pm_css,hamming_31,True,858,31,21,success,1.793865390,SAT,,5400.0,
pm_css,hamming_31,True,85,31,21,success,1.777202318,SAT,,5400.0,
pm_css,hamming_31,True,697,31,21,success,1.784038799,SAT,,5400.0,
pm_css,hamming_31,True,201,31,21,success,1.794076809,SAT,,5400.0,
pm_css,hamming_31,True,94,31,21,success,1.799417417,SAT,,5400.0,
pm_css,hamming_31,False,89,31,21,success,0.001587454,CI,,5400.0,
pm_css,hamming_31,False,773,31,21,success,0.001960530,CI,,5400.0,
pm_css,hamming_31,False,654,31,21,success,0.001582544,CI,,5400.0,
pm_css,hamming_31,False,438,31,21,success,0.001723987,CI,,5400.0,
pm_css,hamming_31,False,433,31,21,success,0.001512304,CI,,5400.0,
pm_css,hamming_31,False,858,31,21,success,0.001747277,CI,,5400.0,
pm_css,hamming_31,False,85,31,21,success,0.001776828,CI,,5400.0,
pm_css,hamming_31,False,697,31,21,success,0.001893369,CI,,5400.0,
pm_css,hamming_31,False,201,31,21,success,0.005628367,CI,,5400.0,
pm_css,hamming_31,False,94,31,21,success,0.001517184,CI,,5400.0,
pm_css,coco_488,True,89,31,1,success,8.748270655,SAT,,5400.0,
pm_css,coco_488,True,773,31,1,success,8.809541737,SAT,,5400.0,
pm_css,coco_488,True,654,31,1,success,9.462660958,SAT,,5400.0,
pm_css,coco_488,True,438,31,1,success,9.759087835,SAT,,5400.0,
pm_css,coco_488,True,433,31,1,success,9.366958117,SAT,,5400.0,
pm_css,coco_488,True,858,31,1,success,8.564040078,SAT,,5400.0,
pm_css,coco_488,True,85,31,1,success,8.505866046,SAT,,5400.0,
pm_css,coco_488,True,697,31,1,success,8.687585882,SAT,,5400.0,
pm_css,coco_488,True,201,31,1,success,8.614039764,SAT,,5400.0,
pm_css,coco_488,True,94,31,1,success,9.005859795,SAT,,5400.0,
pm_css,coco_488,False,89,31,1,success,1.607185195,EI,,5400.0,
pm_css,coco_488,False,773,31,1,success,1.604634298,EI,,5400.0,
pm_css,coco_488,False,654,31,1,success,1.597971919,EI,,5400.0,
pm_css,coco_488,False,438,31,1,success,4.812468417,S,,5400.0,
pm_css,coco_488,False,433,31,1,success,5.020007911,S,,5400.0,
pm_css,coco_488,False,858,31,1,success,4.827836719,S,,5400.0,
pm_css,coco_488,False,85,31,1,success,4.819817497,S,,5400.0,
pm_css,coco_488,False,697,31,1,success,1.575708810,EI,,5400.0,
pm_css,coco_488,False,201,31,1,success,4.817378636,S,,5400.0,
pm_css,coco_488,False,94,31,1,success,4.814237499,S,,5400.0,
pm_css,coco_666,True,89,37,1,success,38.903582730,SAT,,5400.0,
pm_css,coco_666,True,773,37,1,success,52.933695156,SAT,,5400.0,
pm_css,coco_666,True,654,37,1,success,710.371477585,SAT,,5400.0,
pm_css,coco_666,True,438,37,1,success,374.128654114,SAT,,5400.0,
pm_css,coco_666,True,433,37,1,success,357.449752037,SAT,,5400.0,
pm_css,coco_666,True,858,37,1,success,446.031093080,SAT,,5400.0,
pm_css,coco_666,True,85,37,1,success,48.698635004,SAT,,5400.0,
pm_css,coco_666,True,697,37,1,success,451.059553196,SAT,,5400.0,
pm_css,coco_666,True,201,37,1,success,141.161004139,SAT,,5400.0,
pm_css,coco_666,True,94,37,1,success,233.176987115,SAT,,5400.0,
pm_css,coco_666,False,89,37,1,success,4.759707856,S,,5400.0,
pm_css,coco_666,False,773,37,1,success,2.830119652,EI,,5400.0,
pm_css,coco_666,False,654,37,1,success,2.984730788,S,,5400.0,
pm_css,coco_666,False,438,37,1,success,4.749219040,S,,5400.0,
pm_css,coco_666,False,433,37,1,success,6.196439588,S,,5400.0,
pm_css,coco_666,False,858,37,1,success,4.728483614,S,,5400.0,
pm_css,coco_666,False,85,37,1,success,4.737043591,S,,5400.0,
pm_css,coco_666,False,697,37,1,success,4.721069019,S,,5400.0,
pm_css,coco_666,False,201,37,1,success,4.725429898,S,,5400.0,
pm_css,coco_666,False,94,37,1,success,4.739702168,S,,5400.0,
pm_css,bb_72,True,89,72,12,timeout,5400.016606690,,SAT,5400.0,
pm_css,bb_72,True,773,72,12,timeout,5400.014509785,,SAT,5400.0,
pm_css,bb_72,True,654,72,12,timeout,5400.014774726,,SAT,5400.0,
pm_css,bb_72,True,438,72,12,timeout,5400.012318622,,SAT,5400.0,
pm_css,bb_72,True,433,72,12,timeout,5400.014444922,,SAT,5400.0,
pm_css,bb_72,True,858,72,12,timeout,5400.014354163,,SAT,5400.0,
pm_css,bb_72,True,85,72,12,timeout,5400.020083679,,SAT,5400.0,
pm_css,bb_72,True,697,72,12,timeout,5400.014626499,,SAT,5400.0,
pm_css,bb_72,True,201,72,12,timeout,5400.016020161,,SAT,5400.0,
pm_css,bb_72,True,94,72,12,timeout,5400.014765086,,SAT,5400.0,
pm_css,bb_72,False,89,72,12,success,30.482779125,S,,5400.0,
pm_css,bb_72,False,773,72,12,success,30.409148857,S,,5400.0,
pm_css,bb_72,False,654,72,12,success,30.386142967,S,,5400.0,
pm_css,bb_72,False,438,72,12,success,30.474114455,S,,5400.0,
pm_css,bb_72,False,433,72,12,success,30.365701338,S,,5400.0,
pm_css,bb_72,False,858,72,12,success,30.307509318,S,,5400.0,
pm_css,bb_72,False,85,72,12,success,30.581775029,S,,5400.0,
pm_css,bb_72,False,697,72,12,success,30.264932436,S,,5400.0,
pm_css,bb_72,False,201,72,12,success,30.361717666,S,,5400.0,
pm_css,bb_72,False,94,72,12,success,30.404818186,S,,5400.0,
pm_css,bb_90,True,89,90,8,timeout,5400.014831035,,SAT,5400.0,
pm_css,bb_90,True,773,90,8,timeout,5400.012717669,,SAT,5400.0,
pm_css,bb_90,True,654,90,8,timeout,5400.014426289,,SAT,5400.0,
pm_css,bb_90,True,438,90,8,timeout,5400.017094949,,SAT,5400.0,
pm_css,bb_90,True,433,90,8,timeout,5400.014382075,,SAT,5400.0,
